[
{"name":"Mss32.dll","size":370688,"md5":"299be9656aec687795e429a7000facc9","url":"http://www.launchpad2.net/SWGEmu/Mss32.dll"},
{"name":"SWGEmu.exe","size":22061142,"md5":"47436739d9adf27a7aca283f0f1b3e86","url":"http://www.launchpad2.net/SWGEmu/SWGEmu.exe"},
{"name":"SWGEmu_Setup.exe","size":536576,"md5":"aefaeda4c825dae81e746fb5e2eb9d5a","url":"http://www.launchpad2.net/SWGEmu/SWGEmu_Setup.exe"},
{"name":"bottom.tre","size":16205884,"md5":"63c2d21719ed56d96b70373d99cc94d6","url":"http://www.launchpad2.net/SWGEmu/bottom.tre"},
{"name":"data_animation_00.tre","size":58966791,"md5":"1ae26649af2c30efe317850c4cb1a4bd","url":"http://www.launchpad2.net/SWGEmu/data_animation_00.tre"},
{"name":"data_music_00.tre","size":77322894,"md5":"88ee64f7e334616fbf688b09022e81df","url":"http://www.launchpad2.net/SWGEmu/data_music_00.tre"},
{"name":"data_other_00.tre","size":46546173,"md5":"59cb600a9af908b98d8d1c8934ec932b","url":"http://www.launchpad2.net/SWGEmu/data_other_00.tre"},
{"name":"data_sample_00.tre","size":104636589,"md5":"c96a2eb77f27b6453053f0820b38ab7c","url":"http://www.launchpad2.net/SWGEmu/data_sample_00.tre"},
{"name":"data_sample_01.tre","size":104848649,"md5":"9c0c272400dd2780addd9a8e25334fbf","url":"http://www.launchpad2.net/SWGEmu/data_sample_01.tre"},
{"name":"data_sample_02.tre","size":104806646,"md5":"52a3cc6829df957c9d72eccc1b23cad2","url":"http://www.launchpad2.net/SWGEmu/data_sample_02.tre"},
{"name":"data_sample_03.tre","size":104479178,"md5":"2947689850819a256171547af1a300d1","url":"http://www.launchpad2.net/SWGEmu/data_sample_03.tre"},
{"name":"data_sample_04.tre","size":33887496,"md5":"a22f0c8c8f4b6104647af628579cc0e3","url":"http://www.launchpad2.net/SWGEmu/data_sample_04.tre"},
{"name":"data_skeletal_mesh_00.tre","size":104259690,"md5":"ecdaefc123971d167159698f0f47aca4","url":"http://www.launchpad2.net/SWGEmu/data_skeletal_mesh_00.tre"},
{"name":"data_skeletal_mesh_01.tre","size":42575909,"md5":"f39551ae0bda6b2ee0bc4c954fcd3699","url":"http://www.launchpad2.net/SWGEmu/data_skeletal_mesh_01.tre"},
{"name":"data_sku1_00.tre","size":104853089,"md5":"218bb19915380a12b74238a1d74ab27e","url":"http://www.launchpad2.net/SWGEmu/data_sku1_00.tre"},
{"name":"data_sku1_01.tre","size":104861757,"md5":"eba6980265b5d742a3ff8897c6cb2ab5","url":"http://www.launchpad2.net/SWGEmu/data_sku1_01.tre"},
{"name":"data_sku1_02.tre","size":105217918,"md5":"15787e9235df1bd8031b5076558e68e0","url":"http://www.launchpad2.net/SWGEmu/data_sku1_02.tre"},
{"name":"data_sku1_03.tre","size":104461486,"md5":"caf586e0b039c79ff2197ceaf2a747b1","url":"http://www.launchpad2.net/SWGEmu/data_sku1_03.tre"},
{"name":"data_sku1_04.tre","size":104915626,"md5":"4d2734716afcb4f8607bb47243acb15f","url":"http://www.launchpad2.net/SWGEmu/data_sku1_04.tre"},
{"name":"data_sku1_05.tre","size":7576262,"md5":"9101b7bf19bd225854e84e42565f8bd6","url":"http://www.launchpad2.net/SWGEmu/data_sku1_05.tre"},
{"name":"data_sku1_06.tre","size":22566812,"md5":"88f986a7de3bd5617a7e16042bd368ce","url":"http://www.launchpad2.net/SWGEmu/data_sku1_06.tre"},
{"name":"data_sku1_07.tre","size":2333549,"md5":"7511e70cfd04fa20e796fc826fbe0fcf","url":"http://www.launchpad2.net/SWGEmu/data_sku1_07.tre"},
{"name":"data_static_mesh_00.tre","size":104681322,"md5":"ec1fa71af211fcf1cd86f5aa8752283a","url":"http://www.launchpad2.net/SWGEmu/data_static_mesh_00.tre"},
{"name":"data_static_mesh_01.tre","size":94719985,"md5":"d453b7f6f562368a4d06a3f9fd4e8339","url":"http://www.launchpad2.net/SWGEmu/data_static_mesh_01.tre"},
{"name":"data_texture_00.tre","size":104816351,"md5":"6c8c538d209f5bd428bc9da194ebd30d","url":"http://www.launchpad2.net/SWGEmu/data_texture_00.tre"},
{"name":"data_texture_01.tre","size":104831553,"md5":"740124b213b92a16907a0fbaad0fa130","url":"http://www.launchpad2.net/SWGEmu/data_texture_01.tre"},
{"name":"data_texture_02.tre","size":104923301,"md5":"9d5dda098c258bb5caa84a610715d834","url":"http://www.launchpad2.net/SWGEmu/data_texture_02.tre"},
{"name":"data_texture_03.tre","size":104659874,"md5":"636c5d29046f354c8a118b3c96285084","url":"http://www.launchpad2.net/SWGEmu/data_texture_03.tre"},
{"name":"data_texture_04.tre","size":104887073,"md5":"80057e761dc219250b9319e61f10ba91","url":"http://www.launchpad2.net/SWGEmu/data_texture_04.tre"},
{"name":"data_texture_05.tre","size":104820008,"md5":"fe62a811e86f38a21080b02782c9e662","url":"http://www.launchpad2.net/SWGEmu/data_texture_05.tre"},
{"name":"data_texture_06.tre","size":104773001,"md5":"968d2cafba5a4c5fcedbeeba7a8c4d20","url":"http://www.launchpad2.net/SWGEmu/data_texture_06.tre"},
{"name":"data_texture_07.tre","size":66226334,"md5":"c77f34ffa2c15663679f1aa86c43a3d5","url":"http://www.launchpad2.net/SWGEmu/data_texture_07.tre"},
{"name":"dbghelp.dll","size":676864,"md5":"21e77bcbe81c83284aeea5127c197718","url":"http://www.launchpad2.net/SWGEmu/dbghelp.dll"},
{"name":"default_patch.tre","size":60331,"md5":"907194cd54efd6820c84db37c47dfe2d","url":"http://www.launchpad2.net/SWGEmu/default_patch.tre"},
{"name":"dpvs.dll","size":142336,"md5":"fd25c516087edba23f1f403a65769240","url":"http://www.launchpad2.net/SWGEmu/dpvs.dll"},
{"name":"em05_u.dll","size":1642577,"md5":"eb9bcae9c82ccbb29f0a8c83d26891a8","url":"http://www.launchpad2.net/SWGEmu/em05_u.dll"},
{"name":"em06_u.dll","size":1613909,"md5":"216200d43550b79f6895baeeea3f3138","url":"http://www.launchpad2.net/SWGEmu/em06_u.dll"},
{"name":"em07_u.dll","size":1630294,"md5":"6be3fce7f2aafb441e8fc33073f00d84","url":"http://www.launchpad2.net/SWGEmu/em07_u.dll"},
{"name":"hotfix_13_1_00.tre","size":3058578,"md5":"e3d351fe25626f2a98cb57126e97763d","url":"http://www.launchpad2.net/SWGEmu/hotfix_13_1_00.tre"},
{"name":"hotfix_sku1_12_1_00.tre","size":21315,"md5":"0792dac181188afed8776a742b64bcde","url":"http://www.launchpad2.net/SWGEmu/hotfix_sku1_12_1_00.tre"},
{"name":"miles/Msseax.m3d","size":115712,"md5":"b24028b6511fa3cb96bcbf1ef2838696","url":"http://www.launchpad2.net/SWGEmu/miles/Msseax.m3d"},
{"name":"miles/mssdsp.flt","size":115200,"md5":"b88bf9c506cd612fc37b47ad2e1c84b6","url":"http://www.launchpad2.net/SWGEmu/miles/mssdsp.flt"},
{"name":"miles/mssmp3.asi","size":137216,"md5":"43bfc9015cf90c161567fb0c0acaf714","url":"http://www.launchpad2.net/SWGEmu/miles/mssmp3.asi"},
{"name":"miles/msssoft.m3d","size":77824,"md5":"3e9029826d8cb962874584ab795a9d31","url":"http://www.launchpad2.net/SWGEmu/miles/msssoft.m3d"},
{"name":"patch_00.tre","size":18779819,"md5":"1517a0a0e7e11c5d1afc43c1b404a045","url":"http://www.launchpad2.net/SWGEmu/patch_00.tre"},
{"name":"patch_01.tre","size":17757229,"md5":"36fd18e8342b23ae2df51b916324f348","url":"http://www.launchpad2.net/SWGEmu/patch_01.tre"},
{"name":"patch_02.tre","size":3396766,"md5":"2324adad81158de1e938db603287ac50","url":"http://www.launchpad2.net/SWGEmu/patch_02.tre"},
{"name":"patch_03.tre","size":20870097,"md5":"bfdca07c64d3d8f706889eafa5e8b666","url":"http://www.launchpad2.net/SWGEmu/patch_03.tre"},
{"name":"patch_04.tre","size":27137114,"md5":"4a3604d48f2301341326e0b101280968","url":"http://www.launchpad2.net/SWGEmu/patch_04.tre"},
{"name":"patch_05.tre","size":25827774,"md5":"207b70e873a73361efdfc9d1703fc16d","url":"http://www.launchpad2.net/SWGEmu/patch_05.tre"},
{"name":"patch_06.tre","size":40724726,"md5":"1102bbdf4628d9ee09fbe87d323017f9","url":"http://www.launchpad2.net/SWGEmu/patch_06.tre"},
{"name":"patch_07.tre","size":40567157,"md5":"17509e1d6f4fc09ab780dfeb7398cf9c","url":"http://www.launchpad2.net/SWGEmu/patch_07.tre"},
{"name":"patch_08.tre","size":36984057,"md5":"775454fc68755ad45c1e1d09ff06d645","url":"http://www.launchpad2.net/SWGEmu/patch_08.tre"},
{"name":"patch_09.tre","size":57214055,"md5":"021a722867d01fb7bc6b134a26b2df38","url":"http://www.launchpad2.net/SWGEmu/patch_09.tre"},
{"name":"patch_10.tre","size":33429694,"md5":"a9b46686be046e866344e79d5515f236","url":"http://www.launchpad2.net/SWGEmu/patch_10.tre"},
{"name":"patch_11_00.tre","size":103221850,"md5":"eb6289b9162851f2ee1adf00a9394df5","url":"http://www.launchpad2.net/SWGEmu/patch_11_00.tre"},
{"name":"patch_11_01.tre","size":28868084,"md5":"b7e13f12d157187212ed0cc7d5a71f87","url":"http://www.launchpad2.net/SWGEmu/patch_11_01.tre"},
{"name":"patch_11_02.tre","size":28713778,"md5":"2b63328b66db99f2d7d8858242a8bc4b","url":"http://www.launchpad2.net/SWGEmu/patch_11_02.tre"},
{"name":"patch_11_03.tre","size":7517816,"md5":"deb4626249c2b9c42dba8e4226dbd030","url":"http://www.launchpad2.net/SWGEmu/patch_11_03.tre"},
{"name":"patch_12_00.tre","size":32863489,"md5":"39ac219e16ad81c78075cf326886365d","url":"http://www.launchpad2.net/SWGEmu/patch_12_00.tre"},
{"name":"patch_13_00.tre","size":6032263,"md5":"69650433d897167d74c0e352c4be9d8e","url":"http://www.launchpad2.net/SWGEmu/patch_13_00.tre"},
{"name":"patch_14_00.tre","size":36469339,"md5":"0649bd5305dd18cd5378cf542647e543","url":"http://www.launchpad2.net/SWGEmu/patch_14_00.tre"},
{"name":"patch_sku1_12_00.tre","size":6257317,"md5":"74b60af869237a07fa18dc65f80e7ed2","url":"http://www.launchpad2.net/SWGEmu/patch_sku1_12_00.tre"},
{"name":"patch_sku1_13_00.tre","size":21315,"md5":"0792dac181188afed8776a742b64bcde","url":"http://www.launchpad2.net/SWGEmu/patch_sku1_13_00.tre"},
{"name":"patch_sku1_14_00.tre","size":944,"md5":"3170521a8e7e0547e9117bc092cbd021","url":"http://www.launchpad2.net/SWGEmu/patch_sku1_14_00.tre"},
{"name":"qt-mt305.dll","size":3563520,"md5":"4acaaa87f1cbb840e266b2360c6e1fe0","url":"http://www.launchpad2.net/SWGEmu/qt-mt305.dll"},
{"name":"s205_r.dll","size":1642576,"md5":"875d3b2a91325b53e9da62af256c3e3c","url":"http://www.launchpad2.net/SWGEmu/s205_r.dll"},
{"name":"s206_r.dll","size":1618004,"md5":"c95f52d9d81c5d62e774f9f1250b6b76","url":"http://www.launchpad2.net/SWGEmu/s206_r.dll"},
{"name":"s207_r.dll","size":1634389,"md5":"593574e730ef8eecbf42c9a440bdcbd6","url":"http://www.launchpad2.net/SWGEmu/s207_r.dll"},
{"name":"string/en/live_motd.stf","size":2113,"md5":"4f63fe1651aff0a00cecd3c3c0b3e8bc","url":"http://www.launchpad2.net/SWGEmu/string/en/live_motd.stf"},
{"name":"string/en/test_motd.stf","size":2113,"md5":"4f63fe1651aff0a00cecd3c3c0b3e8bc","url":"http://www.launchpad2.net/SWGEmu/string/en/test_motd.stf"},
{"name":"texture/loading/space/images/space_load_pvp.dds","size":174904,"md5":"c0d933d2cc245b85c5e47a1ee9f4b82e","url":"http://www.launchpad2.net/SWGEmu/texture/loading/space/images/space_load_pvp.dds"}
]