{
"absentminded": "Absentminded",
"access_fee": "Access Fees",
"accuse": "Accuse",
"ache": "Ache",
"actionshot1": "Action Shot 1",
"actionshot2": "Action Shot 2",
"activateclone": "Activate Clone",
"ad_fees_1": "Reduced Advertisement Fees",
"adjust": "Adjust",
"adn": "About Dang Time!",
"adventurous": "Adventurous",
"afk": "Away From Keyboard",
"afk4drink": "Away From Keyboard (getting a drink).",
"afk4food": "Away From Keyboard (getting some food).",
"agree": "Agree",
"aim": "Aim",
"airguitar": "Air Guitar",
"alert": "Alert",
"amaze": "Amaze",
"amazed": "Amazed",
"amazing": "Amazing",
"ambivalent": "Ambivalent",
"amused": "Amused",
"angry": "Angry",
"animalattack": "Animal Attack",
"animalcalm": "Animal Calm",
"animalscare": "Animal Scare",
"annoyed": "Annoyed",
"anon": "Anonymous",
"anxious": "Anxious",
"apologize": "Apologize",
"applaud": "Applaud",
"applydisease": "Apply Disease",
"applypoison": "Apply Poison",
"approving": "Approving",
"arch": "Arch Back",
"areatrack": "Area Track",
"areatrack_animal": "Area Track: Animals",
"areatrack_direction": "Area Track: Direction",
"areatrack_distance": "Area Track: Distance",
"areatrack_npc": "Area Track: People",
"areatrack_player": "Area Track: Players",
"assist": "Assist",
"associatedroidcontroldevicewithship": "Associate Droid With Ship",
"astromech_droid_cert_1": "Level 1 Astromech Droid Certification",
"astromech_droid_cert_2": "Level 2 Astromech Droid Certification",
"astromech_droid_cert_3": "Level 3 Astromech Droid Certification",
"astromech_droid_cert_4": "Level 4 Astromech Droid Certification",
"astromech_droid_cert_5": "Level 5 Astromech Droid Certification",
"astromech_droid_cert_6": "Level 6 Astromech Droid Certification",
"attack": "Attack",
"attend": "Attend",
"autodefend": "Auto Defend",
"avoidincapacitation": "Avoid Incapacitation",
"ayt": "Are You There?",
"backhand": "Backhand",
"bad": "Bad",
"badfeeling": "Bad Feeling",
"bah": "Bah!",
"bak": "Back (from AFK)",
"bandfill": "Bandfill (Instrument)",
"bang": "Head Bang",
"bark": "Bark",
"bat": "Bat Eyelashes",
"batlashes": "Bat Eyelashes",
"battlefieldstatus": "Battle Field Status",
"bbl": "Be Back Later",
"beam": "Beam Smile",
"bearhug": "Bear Hug",
"beckon": "Beckon",
"belch": "Belch",
"belligerent": "Belligerent",
"berserk1": "Berserk 1",
"berserk2": "Berserk 2",
"bet": "Bet",
"bite": "Bite",
"bitter": "Bitter",
"blame": "Blame",
"bleed": "Bleed",
"bleedingshot": "Bleeding Shot",
"blindattack": "Blind Attack",
"blink": "Blink",
"bloodthirsty": "Bloodthirsty",
"blow": "Blow Bubbles",
"blowkiss": "Blow Kiss",
"blush": "Blush",
"bmoc": "Big Man On Campus",
"boardshuttle": "Board Shuttle",
"bob": "Bob",
"bodyshot": "Body Shot",
"bodyshot1": "Body Shot 1",
"bodyshot2": "Body Shot 2",
"bodyshot3": "Body Shot 3",
"bodyslam": "Body Slam!",
"boggle": "Boggle",
"bonk": "Bonk",
"boogie": "Boogie",
"boostmorale": "Boost Morale",
"bored": "Bored..",
"bounce": "Bounce",
"bouquet": "Bouquet",
"bow": "Bow (Basic)",
"bow2": "Bow (Honorable)",
"bow3": "Bow (Deep)",
"bow4": "Bow (Formal)",
"bowhead": "Bow Head",
"brandish": "Brandish Weapon",
"brave": "Brave",
"brb": "Be Right Back",
"brt": "Be Right There",
"bstrike1": "Bomber Strike 1",
"bstrike2": "Bomber Strike 2",
"bstrike3": "Bomber Strike 3",
"bubbly": "Bubbly",
"bump": "Bump",
"burp": "Burp",
"burstrun": "Burst Run",
"burstshot1": "Burst Shot 1",
"burstshot2": "Burst Shot 2",
"bye": "Bye!",
"cackle": "Cackle",
"callous": "Callous",
"callretreat": "Call Retreat",
"callstop": "Stop!",
"calm": "Calm Down",
"cancelcraftingsession": "Cancel Crafting Session",
"carbineaim": "Carbine Aim",
"carbinecharge": "Carbine Charge",
"carbinedisarmingshot": "Carbine Disarming Shot",
"carbineflurryshot": "Carbine Flurry Shot",
"carbinemeleedefense1": "Carbine Melee Defense 1",
"carbinemeleedefense2": "Carbine Melee Defense 2",
"carbinescattershot": "Carbine Scatter Shot",
"carbinesneak": "Carbine Sneak",
"carbinestartleshot": "Carbine Startle Shot",
"carbinestrafeshot": "Carbine Strafe Shot",
"carbinesuppressionfire": "Carbine Suppression Fire",
"carbinesurpriseshot": "Carbine Surprise Shot",
"careful": "Careful",
"careless": "Careless",
"casual": "Casual",
"catchbreath": "Catch Breath",
"censor": "Censor",
"centerofbeing": "Center Of Being",
"cert_axe_heavy_duty": "Heavy Axe Certification",
"cert_axe_vibro": "Vibro Axe Certification",
"cert_baton_gaderiffi": "Gaderiffi Baton Certification",
"cert_baton_stun": "Stun Baton Certification",
"cert_carbine_cdef": "CDEF Carbine Certification",
"cert_carbine_dh17": "DH17 Carbine Certification",
"cert_carbine_dh17_short": "DH17 Short Carbine Certification",
"cert_carbine_dh17_snubnose": "DH17 Snubnose Carbine Certification",
"cert_carbine_dxr6": "DXR6 Carbine Certification",
"cert_carbine_e11": "E11 Carbine Certification",
"cert_carbine_ee3": "EE3 Carbine Certification",
"cert_carbine_elite": "Elite Carbine Certification",
"cert_carbine_laser": "Laser Carbine Certification",
"cert_carbine_laster": "Laser Carbine Certification",
"cert_carbine_nym_slugthrower": "Slugthrower Certification",
"cert_droid_astromech_1": "Level One Astromech Certification",
"cert_droid_astromech_2": "Level Two Astromech Certification",
"cert_droid_astromech_3": "Level Three Astromech Certification",
"cert_droid_astromech_4": "Level Four Astromech Certification",
"cert_droid_astromech_5": "Level Five Astromech Certification",
"cert_droid_astromech_6": "Level Six Astromech Certification",
"cert_grenade_cryoban": "Cryoban Grenade Certification",
"cert_grenade_fragmentation": "Fragmentation Grenade Certification",
"cert_grenade_fragmentation_light": "Light Fragmentation Grenade Certification",
"cert_grenade_glop": "Glop Grenade Certification",
"cert_grenade_imperial_detonator": "Imperial Detonator Certification",
"cert_grenade_proton": "Proton Grenade Certification",
"cert_grenade_thermal_detonator": "Thermal Detonator Certification",
"cert_heavy_acid_beam": "Heavy Acid Beam Certification",
"cert_heavy_lightning_beam": "Lightning Beam Cannon Certification",
"cert_heavy_particle_beam": "Heavy Particle Beam Cannon Certification",
"cert_knife_dagger": "Dagger Certification",
"cert_knife_stone": "Stone Knife Certification",
"cert_knife_survival": "Survival Knife Certification",
"cert_knife_vibroblade": "Vibroblade Certification",
"cert_lance_controllerfp": "Basic Lance Certification",
"cert_lance_staff_metal": "Metal Staff Certification",
"cert_lance_staff_wood_s1": "Wood Staff Certification",
"cert_lance_staff_wood_s2": "Reinforced Combat Staff Certification",
"cert_lance_vibro_axe": "Long Vibro Axe Certification",
"cert_lance_vibrolance": "Vibro Lance Certification",
"cert_onehandlightsaber": "One-handed Lightsaber Certification",
"cert_onehandlightsaber_gen1": "One-handed Lightsaber Generation 1 Certification",
"cert_onehandlightsaber_gen2": "One-handed Lightsaber Generation 2 Certification",
"cert_onehandlightsaber_gen3": "One-handed Lightsaber Generation 3 Certification",
"cert_onehandlightsaber_gen4": "One-handed Lightsaber Generation 4 Certification",
"cert_onehandlightsaber_training": "One-handed Training Lightsaber Certification",
"cert_ordnance_level1": "Level 1 Ship Equipment Certification",
"cert_ordnance_level2": "Level 2 Ship Equipment Certification",
"cert_ordnance_level3": "Level 3 Ship Equipment Certification",
"cert_ordnance_level4": "Level 4 Ship Equipment Certification",
"cert_ordnance_level5": "Level 5 Ship Equipment Certification",
"cert_ordnance_level6": "Level 6 Ship Equipment Certification",
"cert_ordnance_level7": "Level 7 Ship Equipment Certification",
"cert_ordnance_level8": "Level 8 Ship Equipment Certification",
"cert_ordnance_level9": "Level 9 Ship Equipment Certification",
"cert_ordnance_levelten": "Level 10 Ship Equipment Certification",
"cert_pistol_cdef": "CDEF Pistol Certification",
"cert_pistol_d18": "D18 Pistol Certification",
"cert_pistol_dh17": "DH17 Pistol Certification",
"cert_pistol_dl18": "DL18 Pistol Certification",
"cert_pistol_dl44": "DL44 Pistol Certification",
"cert_pistol_dl44_metal": "DL44 Metal Pistol Certification",
"cert_pistol_dx2": "DX2 Pistol Certification",
"cert_pistol_fwg5": "FWG5 Pistol Certification",
"cert_pistol_launcher": "Launcher Pistol Certification",
"cert_pistol_power5": "Power5 Pistol Certification",
"cert_pistol_republic_blaster": "Republic Blaster Certification",
"cert_pistol_scatter": "Scatter Pistol Certification",
"cert_pistol_scout_blaster": "Scout Blaster Certification",
"cert_pistol_srcombat": "SR Combat Pistol Certification",
"cert_pistol_striker": "Striker Pistol Certification",
"cert_pistol_tangle": "Tangle Pistol Certification",
"cert_polearmlightsaber": "Polearm Lightsaber Certification",
"cert_polearmlightsaber_gen1": "Double-Bladed Lightsaber Generation 1 Certification",
"cert_polearmlightsaber_gen2": "Double-Bladed Lightsaber Generation 2 Certification",
"cert_polearmlightsaber_gen3": "Double-Bladed Lightsaber Generation 3 Certification",
"cert_polearmlightsaber_gen4": "Double-Bladed Lightsaber Generation 4 Certification",
"cert_rifle_acid": "Heavy Acid Rifle Certification",
"cert_rifle_acid_beam": "Heavy Acid Rifle Certification",
"cert_rifle_beam": "Beam Rifle Certification",
"cert_rifle_bowcaster": "Bowcaster Certification",
"cert_rifle_cdef": "CDEF Rifle Certification",
"cert_rifle_dlt20": "DLT20 Rifle Certification",
"cert_rifle_dlt20a": "DLT20a Rifle Certification",
"cert_rifle_e11": "E11 Rifle Certification",
"cert_rifle_flame_thrower": "Flame Thrower Certification",
"cert_rifle_flamethrower": "Flame Thrower Certification",
"cert_rifle_jawa_ion": "Jawa Ion Rifle Certification",
"cert_rifle_laser": "Laser Rifle Certification",
"cert_rifle_laster": "Laser Rifle Certification",
"cert_rifle_lightning": "Light Lightning Cannon Certification",
"cert_rifle_sg82": "SG82 Rifle Certification",
"cert_rifle_spraystick": "Spraystick Certification",
"cert_rifle_t21": "T21 Rifle Certification",
"cert_rifle_tusken": "Tusken Rifle Certification",
"cert_rocket_launcher": "Rocket Launcher Certification",
"cert_starships_awing": "A-Wing Piloting Certification",
"cert_starships_blacksunfighter": "Ixiyen Starfighter Piloting Certification",
"cert_starships_bwing": "B-Wing Piloting Certification",
"cert_starships_corsecfighter": "CORSEC Starfighter Piloting Certification",
"cert_starships_decimator": "VT-49 Decimator Piloting Certification",
"cert_starships_firespray": "KSE Firespray Piloting Certification",
"cert_starships_heavyblacksunfighter": "Rihkxyrk Starfighter Certification",
"cert_starships_heavyhuttfighter": "Kimogila Starfighter Piloting Certification",
"cert_starships_hutt_turret_ship": "M22-T \"Krayt\" Gunship Certification",
"cert_starships_huttfighter": "Dunelizard Starfighter Piloting Certification",
"cert_starships_imperialtransport": "Imperial Transport Piloting Certification",
"cert_starships_lightblacksunfighter": "Kihraxz Starfighter Piloting Certification",
"cert_starships_lighthuttfighter": "Scyk Starfighter Piloting Certification",
"cert_starships_mediumblacksunfighter": "Ixiyen Starfighter Piloting Certification",
"cert_starships_mediumhuttfighter": "Dunelizard Starfighter Piloting Certification",
"cert_starships_merchantcruiser": "Merchant Cruiser Piloting Certification",
"cert_starships_rebeltransport": "Rebel Transport Piloting Certification",
"cert_starships_republicfighter": "Republic Starfighter Piloting Certification",
"cert_starships_tieadvanced": "TIE Advanced Piloting Certification",
"cert_starships_tieaggressor": "TIE Aggressor Piloting Certification",
"cert_starships_tiebomber": "TIE Bomber Piloting Certification",
"cert_starships_tiefighter": "TIE Fighter Piloting Certification",
"cert_starships_tiefighterin": "TIE/In Fighter Piloting Certification",
"cert_starships_tiefighterlight": "TIE Fighter (Light Duty) Piloting Certification ",
"cert_starships_tieinterceptor": "TIE Interceptor Piloting Certification",
"cert_starships_tieoppressor": "TIE Oppressor Piloting Certification",
"cert_starships_xwing": "X-Wing Piloting Certification",
"cert_starships_ykl37r": "YKL-37R Nova Courier Piloting Certification",
"cert_starships_yt1300": "YT-1300 Transport Piloting Certification",
"cert_starships_yt2400": "YT-2400 Freighter Piloting Certification",
"cert_starships_ywing": "Y-Wing Piloting Certification",
"cert_starships_ywinglongprobe": "Y-Wing 'LongProbe' Piloting Certification",
"cert_starships_z95headhunter": "Z-95 Headhunter Piloting Certification",
"cert_sword_01": "Sword Certification",
"cert_sword_02": "Curved Sword Certification",
"cert_sword_2h_axe": "Two-handed Axe Certification",
"cert_sword_2h_cleaver": "Two-handed Cleaver Certification",
"cert_sword_2h_katana": "Two-handed Curved Sword Certification",
"cert_sword_2h_maul": "Power Hammer Certification",
"cert_sword_2h_scythe": "Scythe Certification",
"cert_sword_blade_rantok": "Rantok Sword Certification",
"cert_sword_blade_ryyk": "Ryyk Blade Certification",
"cert_sword_rantok": "Rantok Sword Certification",
"cert_thrown_bolo": "Bolo Throwing Certification",
"cert_thrown_dagger": "Dagger Throwing Certification",
"cert_thrown_hatchet": "Throwing Axe Certification",
"cert_thrown_knife": "Knife Throwing Certification",
"cert_thrown_plasmasphere": "Plasma Sphere Throwing Certification",
"cert_thrown_shuriken": "Throwing Star Certification",
"cert_twohandlightsaber": "Two-handed Lightsaber Certification",
"cert_twohandlightsaber_gen1": "Two-handed Lightsaber Generation 1 Certification",
"cert_twohandlightsaber_gen2": "Two-handed Lightsaber Generation 2 Certification",
"cert_twohandlightsaber_gen3": "Two-handed Lightsaber Generation 3 Certification",
"cert_twohandlightsaber_gen4": "Two-handed Lightsaber Generation 4 Certification",
"cert_vibroknuckler": "Vibroknuckler certification",
"channelforce": "Channel Force",
"chargeshot1": "Charge Shot 1",
"chargeshot2": "Charge Shot 2",
"chase": "Chase",
"chatterspeech+acceleratetoattack": "Accelerate to attack speed.",
"chatterspeech+allclear": "All clear.",
"chatterspeech+allwingsreport": "All wings report in.",
"chatterspeech+almostthere": "Almost there.",
"chatterspeech+attackcriticaltarget": "Attack the critical target!",
"chatterspeech+attackmytarget": "Attack my target!",
"chatterspeech+attackrun": "Get set to make your attack run.",
"chatterspeech+cantholdthem": "I can't hold them.",
"chatterspeech+cantmaneuver": "I can't maneuver!",
"chatterspeech+cantshakethem": "Help!  I can't shake them!",
"chatterspeech+closeup": "Close up formation.",
"chatterspeech+defendourtarget": "Defend our target.",
"chatterspeech+escortcriticaltarget": "Escort the critical target.",
"chatterspeech+fallback": "Fall back!  Regroup on the surface.",
"chatterspeech+followmylead": "Follow my lead.",
"chatterspeech+fullthrottle": "We're going in full throttle.",
"chatterspeech+gothim": "Got him!",
"chatterspeech+greatgoingkid": "Great going, kid!",
"chatterspeech+greatshot": "Great shot!",
"chatterspeech+heavyfire": "I'm taking heavy fire!",
"chatterspeech+holdthemoff": "Just hold them off for a few seconds.",
"chatterspeech+imhit": "I'm hit!",
"chatterspeech+iminrange": "I'm in range.",
"chatterspeech+imonit": "I'm on it.",
"chatterspeech+imontheleader": "I'm on the leader.",
"chatterspeech+iseethem": "I see them!",
"chatterspeech+itsahit": "It's a hit!",
"chatterspeech+itsaway": "It's away!",
"chatterspeech+keepeyesopen": "Keep your eyes open.",
"chatterspeech+locksfoils": "Lock S-foils in attack position.",
"chatterspeech+negative": "Negative.",
"chatterspeech+negativenoimpact": "Negative.  It just impacted on the surface.",
"chatterspeech+onmetight": "He's on me tight.",
"chatterspeech+outgunned": "I'm outgunned here!",
"chatterspeech+rendezvous": "Rendezvous at my location.",
"chatterspeech+reportin": "All wings report in.",
"chatterspeech+retreat": "Retreat!",
"chatterspeech+rightwithyou": "Right with you.",
"chatterspeech+scopesnegative": "My scope's negative.",
"chatterspeech+stayontarget": "Stay on target.",
"chatterspeech+targetcoming": "Targets coming up!",
"chatterspeech+theycamefrombehind": "They came from behind.",
"chatterspeech+thisisit": "This is it!",
"chatterspeech+watchcrossfire": "Watch that crossfire!",
"chatterspeech+watchyourback": "Watch your back!",
"chatterspeech+watchyourself": "Watch yourself!",
"chatterspeech+wellstayback": "We'll stay back.",
"chatterspeech+wholeading": "Who's leading this sortie?",
"chatterspeech+wookieewin": "Let the wookiee win.",
"chatterspeech+youreallclearkid": "You're all clear, kid.",
"cheek": "Cheek Kiss",
"cheer": "Cheer",
"cheerful": "Cheerful",
"chestpound": "Pound Chest",
"chestpuff": "Puff Chest",
"choppedliver": "Chopped Liver",
"chortle": "Chortle",
"chuckle": "Chuckle",
"city_faction_declare": "Declare City Faction",
"city_map": "Register City",
"city_spec_cloning": "City Specialization: Clone Lab",
"city_spec_doctor": "City Specialization: Medical Center",
"city_spec_entertainer": "City Specialization: Entertainment District",
"city_spec_farming": "City Specialization: Farming Community",
"city_spec_industry": "City Specialization: Manufacturing Center",
"city_spec_master_healing": "City Specialization: Scientific Society",
"city_spec_master_manufacturing": "City Specialization: Industrial Society",
"city_spec_missions": "City Specialization: Improved Job Market",
"city_spec_research": "City Specialization: Research Center",
"city_spec_sample_rich": "City Specialization: Sample Rich",
"city_spec_stronghold": "City Specialization: Stronghold",
"city_watch": "Deploy City Watch",
"city_zoning": "Grant Zoning Rights",
"cityban": "City Ban",
"citypardon": "City Pardon",
"citywarn": "City Warn",
"clap": "Clap",
"claw": "Claw (Bare Claws)",
"clinical": "Clinical",
"close": "Close Eyes",
"closeeyes": "Close Eyes",
"cocky": "Cocky",
"cold": "Cold",
"colorlights": "Colored Lights",
"comb": "Comb",
"combarea": "Comb Area",
"combatattitudeaggressive": "Combat Attitude Aggressive",
"combatattitudeevasive": "Combat Attitude Evasive",
"combattarget": "Combat Target",
"combhair": "Comb Hair",
"comfort": "Comfort",
"compassionate": "Compassionate",
"con": "Consider",
"conceal": "Conceal",
"concealshot": "Conceal Shot",
"condescending": "Condescending",
"confident": "Confident",
"confused": "Confused",
"confusionshot": "Confusion Shot",
"congratulate": "Congratulate",
"consent": "Consent",
"consider": "Consider",
"contemplate": "Contemplate",
"contemptuous": "Contemptuous",
"content": "Content",
"corpse": "Corpse",
"cough": "Cough",
"counterattack": "Counter Attack",
"courtly": "Courtly",
"cover": "Cover Up",
"covereyes": "Cover Eyes",
"cower": "Cower",
"coy": "Coy",
"createmanfschematic": "Create Manufcture Schematic",
"createprototype": "Create Prototype",
"creatureareableeding": "Creature",
"creatureareacombo": "Creature",
"creatureareadisease": "Creatures are a Disease",
"creatureareaknockdown": "Creature",
"creatureareapoison": "Creature are a Poison",
"creatureareattack": "Creature",
"cringe": "Cringe",
"cripplingshot": "Crippling Shot",
"crotchety": "Crotchety",
"crude": "Crude",
"cruel": "Cruel",
"cry": "Cry",
"cu": "See Ya!",
"cuckoo": "Cuckoo",
"culater": "See Ya Later!",
"curedisease": "Cure Disease",
"curepoison": "Cure Poison",
"curious": "Curious",
"curse": "Curse",
"curtsey": "Curtsey",
"customizedroid": "Customize Droid",
"cynical": "Cynical",
"dainty": "Dainty",
"dance": "Dance",
"dancer": "Dancer",
"dazzle": "Dazzle",
"declareovert": "Declare Overt Faction Status",
"deepbow": "Deep Bow",
"defaultattack": "Attack",
"defend": "Defend",
"defensive": "Defensive",
"defuseminefield": "Defuse Mine Field",
"demure": "Demure",
"deploytrap": "deploy a trap",
"depressed": "Depressed",
"deride": "Deride",
"devious": "Devious",
"diagnose": "Diagnose",
"dies": "Dies",
"dignified": "Dignified",
"dimwitted": "Dimwitted",
"diplomatic": "Diplomatic",
"disagree": "Disagree",
"disappointed": "Dissappointed",
"disarmingshot": "Disarming Shot",
"disarmingshot1": "Disarming Shot 1",
"disarmingshot2": "Disarming Shot 2",
"discreet": "Discreet",
"disdainful": "Disdainful",
"disgruntled": "Disgruntled",
"disgusted": "Disgusted",
"dismayed": "Dismayed",
"dismiss": "Dismiss",
"dismount": "Dismount",
"disoriented": "Disoriented",
"distract": "Distract",
"distracted": "Distracted",
"diveshot": "Dive Shot",
"dizzyattack": "Dizzy Attack",
"dock": "Dock",
"doh": "Doh!",
"doubletap": "Double Tap",
"doubtful": "Doubtful",
"down": "Stay Down",
"dragincapacitatedplayer": "Drag Incapacitated Player",
"dragplayer": "Drag Player",
"drainforce": "Drain Force",
"dramatic": "Dramatic",
"dream": "Dream",
"dreamy": "Dreamy",
"droid+droidcommand_breaklockfour": "Missile Countermeasure - Four",
"droid+droidcommand_breaklockone": "Missile Countermeasure - One",
"droid+droidcommand_breaklockthree": "Missile Countermeasure - Three",
"droid+droidcommand_breaklocktwo": "Missile Countermeasure - Two",
"droid+droidcommand_engineefficiencyfour": "Engine Tuning - Four",
"droid+droidcommand_engineefficiencyone": "Engine Tuning - One",
"droid+droidcommand_engineefficiencythree": "Engine Tuning - Three",
"droid+droidcommand_engineefficiencytwo": "Engine Tuning - Two",
"droid+droidcommand_enginenormalize": "Engine Stabilization",
"droid+droidcommand_engineoverloadfour": "Engine Overload - Four",
"droid+droidcommand_engineoverloadone": "Engine Overload - One",
"droid+droidcommand_engineoverloadthree": "Engine Overload - Three",
"droid+droidcommand_engineoverloadtwo": "Engine Overload - Two",
"droid+droidcommand_mutedroid": "Mute Droid/Flight-Computer",
"droid+droidcommand_reactornormalize": "Reactor Stabilization",
"droid+droidcommand_reactoroverloadfour": "Reactor Overload - Four",
"droid+droidcommand_reactoroverloadone": "Reactor Overload - One",
"droid+droidcommand_reactoroverloadthree": "Reactor Overload - Three",
"droid+droidcommand_reactoroverloadtwo": "Reactor Overload - Two",
"droid+droidcommand_shieldadjustfrontfour": "Shield Front Adjust - Extreme",
"droid+droidcommand_shieldadjustfrontone": "Shield Front Adjust - Light",
"droid+droidcommand_shieldadjustfrontthree": "Shield Front Adjust - Heavy",
"droid+droidcommand_shieldadjustfronttwo": "Shield Front Adjust - Moderate",
"droid+droidcommand_shieldadjustrearfour": "Shield Rear Adjust - Extreme",
"droid+droidcommand_shieldadjustrearone": "Shield Rear Adjust - Light",
"droid+droidcommand_shieldadjustrearthree": "Shield Rear Adjust - Heavy",
"droid+droidcommand_shieldadjustreartwo": "Shield Rear Adjust - Moderate",
"droid+droidcommand_shieldbacktofronteighty": "Shield Front Reinforcement - Heavy",
"droid+droidcommand_shieldbacktofrontfifty": "Shield Front Reinforcement - Moderate",
"droid+droidcommand_shieldbacktofronthundred": "Shield Front Reinforcement - Extreme",
"droid+droidcommand_shieldbacktofronttwenty": "Shield Front Reinforcement - Light",
"droid+droidcommand_shieldemergencyfront": "Shield Emergency Front",
"droid+droidcommand_shieldemergencyrear": "Shield Emergency Rear",
"droid+droidcommand_shieldfronttobackeighty": "Shield Rear Reinforcement - Heavy",
"droid+droidcommand_shieldfronttobackfifty": "Shield Rear Reinforcement - Moderate",
"droid+droidcommand_shieldfronttobackhundred": "Shield Rear Reinforcement - Extreme",
"droid+droidcommand_shieldfronttobacktwenty": "Shield Rear Reinforcement - Light",
"droid+droidcommand_shieldnormalize": "Shields Normalization",
"droid+droidcommand_testbacktofrontfifty": "Droid Program: (TEST) Medium Front Shield Reinforcement",
"droid+droidcommand_testfronttobackfifty": "Droid Program: (TEST) Medium Rear Shield Reinforcement",
"droid+droidcommand_testweaponnormalize": "Droid Program: (TEST) Weapon Equalization",
"droid+droidcommand_testweaponoverload1": "Droid Program: (TEST) Light Weapon Overloading",
"droid+droidcommand_testweaponoverload2": "Droid Program: (TEST) Medium Weapon Overloading",
"droid+droidcommand_testweaponoverload3": "Droid Program: (TEST) Heavy Weapon Overloading",
"droid+droidcommand_testweaponoverload4": "Droid Program: (TEST) Extreme Weapon Overloading",
"droid+droidcommand_weapcapequalize": "Weapon Capacitor Reset",
"droid+droidcommand_weapcappowerupfour": "Weapon Capacitor Overcharge - Four",
"droid+droidcommand_weapcappowerupone": "Weapon Capacitor Overcharge - One",
"droid+droidcommand_weapcappowerupthree": "Weapon Capacitor Overcharge - Three",
"droid+droidcommand_weapcappoweruptwo": "Weapon Capacitor Overcharge - Two",
"droid+droidcommand_weapcaptoshieldfour": "Capacitor to Shield Shunt - Four",
"droid+droidcommand_weapcaptoshieldone": "Capacitor to Shield Shunt - One",
"droid+droidcommand_weapcaptoshieldthree": "Capacitor to Shield Shunt - Three",
"droid+droidcommand_weapcaptoshieldtwo": "Capacitor to Shield Shunt - Two",
"droid+droidcommand_weaponeffeciencyfour": "Weapon Tuning - Four",
"droid+droidcommand_weaponeffeciencyone": "Weapon Tuning - One",
"droid+droidcommand_weaponeffeciencythree": "Weapon Tuning - Three",
"droid+droidcommand_weaponeffeciencytwo": "Weapon Tuning - Two",
"droid+droidcommand_weaponnormalize": "Weapon Normalization",
"droid+droidcommand_weaponoverloadfour": "Weapon Overload - Four",
"droid+droidcommand_weaponoverloadone": "Weapon Overload - One",
"droid+droidcommand_weaponoverloadthree": "Weapon Overload - Three",
"droid+droidcommand_weaponoverloadtwo": "Weapon Overload - Two",
"droid_find": "Droid Find",
"droid_track": "Droid Track",
"droidcommand_breaklockfour": "Droid Program: Missile Countermeasure - Four",
"droidcommand_breaklockone": "Droid Program: Missile Countermeasure - One",
"droidcommand_breaklockthree": "Droid Program: Missile Countermeasure - Three",
"droidcommand_breaklocktwo": "Droid Program: Missile Countermeasure - Two",
"droidcommand_engineefficiencyfour": "Droid Program: Engine Tuning - Four",
"droidcommand_engineefficiencyone": "Droid Program: Engine Tuning - One",
"droidcommand_engineefficiencythree": "Droid Program: Engine Tuning - Three",
"droidcommand_engineefficiencytwo": "Droid Program: Engine Tuning - Two",
"droidcommand_enginenormalize": "Droid Program: Engine Stabilization",
"droidcommand_engineoverloadfour": "Droid Program: Engine Overload - Four",
"droidcommand_engineoverloadone": "Droid Program: Engine Overload - One",
"droidcommand_engineoverloadthree": "Droid Program: Engine Overload - Three",
"droidcommand_engineoverloadtwo": "Droid Program: Engine Overload - Two",
"droidcommand_mutedroid": "Droid Program: Mute Droid/Flight-Computer",
"droidcommand_reactornormalize": "Droid Program: Reactor Stabilization",
"droidcommand_reactoroverloadfour": "Droid Program: Reactor Overload - Four",
"droidcommand_reactoroverloadone": "Droid Program: Reactor Overload - One",
"droidcommand_reactoroverloadthree": "Droid Program: Reactor Overload - Three",
"droidcommand_reactoroverloadtwo": "Droid Program: Reactor Overload - Two",
"droidcommand_shieldadjustfrontfour": "Droid Program: Shield Front Adjust - Extreme",
"droidcommand_shieldadjustfrontone": "Droid Program: Shield Front Adjust - Light",
"droidcommand_shieldadjustfrontthree": "Droid Program: Shield Front Adjust - Heavy",
"droidcommand_shieldadjustfronttwo": "Droid Program: Shield Front Adjust - Moderate",
"droidcommand_shieldadjustrearfour": "Droid Program: Shield Rear Adjust - Extreme",
"droidcommand_shieldadjustrearone": "Droid Program: Shield Rear Adjust - Light",
"droidcommand_shieldadjustrearthree": "Droid Program: Shield Rear Adjust - Heavy",
"droidcommand_shieldadjustreartwo": "Droid Program: Shield Rear Adjust - Moderate",
"droidcommand_shieldbacktofronteighty": "Droid Program: Shield Front Reinforcement - Heavy",
"droidcommand_shieldbacktofrontfifty": "Droid Program: Shield Front Reinforcement - Moderate",
"droidcommand_shieldbacktofronthundred": "Droid Program: Shield Front Reinforcement - Extreme",
"droidcommand_shieldbacktofronttwenty": "Droid Program: Shield Front Reinforcement - Light",
"droidcommand_shieldemergencyfront": "Droid Program: Shield Emergency Front",
"droidcommand_shieldemergencyrear": "Droid Program: Shield Emergency Rear",
"droidcommand_shieldfronttobackeighty": "Droid Program: Shield Rear Reinforcement - Heavy",
"droidcommand_shieldfronttobackfifty": "Droid Program: Shield Rear Reinforcement - Moderate",
"droidcommand_shieldfronttobackhundred": "Droid Program: Shield Rear Reinforcement - Extreme",
"droidcommand_shieldfronttobacktwenty": "Droid Program: Shield Rear Reinforcement - Light",
"droidcommand_shieldnormalize": "Droid Program: Shields Normalization",
"droidcommand_weapcapequalize": "Droid Program: Weapon Capacitor Reset",
"droidcommand_weapcappowerupfour": "Droid Program: Weapon Capacitor Overcharge - Four",
"droidcommand_weapcappowerupone": "Droid Program: Weapon Capacitor Overcharge - One",
"droidcommand_weapcappowerupthree": "Droid Program: Weapon Capacitor Overcharge - Three",
"droidcommand_weapcappoweruptwo": "Droid Program: Weapon Capacitor Overcharge - Two",
"droidcommand_weapcaptoshieldfour": "Droid Program: Capacitor to Shield Shunt - Four",
"droidcommand_weapcaptoshieldone": "Droid Program: Capacitor to Shield Shunt - One",
"droidcommand_weapcaptoshieldthree": "Droid Program: Capacitor to Shield Shunt - Three",
"droidcommand_weapcaptoshieldtwo": "Droid Program: Capacitor to Shield Shunt - Two",
"droidcommand_weaponeffeciencyfour": "Droid Program: Weapon Tuning - Four",
"droidcommand_weaponeffeciencyone": "Droid Program: Weapon Tuning - One",
"droidcommand_weaponeffeciencythree": "Droid Program: Weapon Tuning - Three",
"droidcommand_weaponeffeciencytwo": "Droid Program: Weapon Tuning - Two",
"droidcommand_weaponnormalize": "Droid Program: Weapon Normalization",
"droidcommand_weaponoverloadfour": "Droid Program: Weapon Overload - Four",
"droidcommand_weaponoverloadone": "Droid Program: Weapon Overload - One",
"droidcommand_weaponoverloadthree": "Droid Program: Weapon Overload - Three",
"droidcommand_weaponoverloadtwo": "Droid Program: Weapon Overload - Two",
"drool": "Drool",
"drunk": "Drunk",
"duck": "Duck",
"duel": "Duel",
"dumppausedcommands": "Dump Paused Commands",
"earnest": "Earnest",
"echo": "Echo",
"echuta": "E chu ta!",
"ecstatic": "Ecstatic",
"eek": "Eek",
"eject": "Eject",
"elbow": "Elbow",
"embarrassed": "Embarrassed",
"emboldenpets": "Embolden Pets",
"embrace": "Embrace",
"emotional": "Emotional",
"emotionless": "Emotionless",
"emphatic": "Emphatic",
"encourage": "Encourage",
"encouraging": "Encouraging",
"endduel": "End Duel",
"enraged": "Enraged",
"enragepets": "Enrage Pets",
"enthusiastic": "Enthusiastic",
"envious": "Envious",
"epulse1": "Energy Pulse Level One",
"epulse2": "Energy Pulse Level Two",
"epulse3": "Energy Pulse Level Three",
"equilibrium": "Equilibrium",
"eshields": "Emergency Shields",
"ethrust": "Emergency Thrust",
"evil": "Evil",
"evilgrin": "Evil Grin",
"eweapons": "Emergency Weapons",
"exasperated": "Exasperated",
"exhausted": "Exhausted",
"extinguishfire": "Extinguish Fire",
"exuberant": "Exuberant",
"eyebrow": "Raise Eyebrow",
"eyeroll": "Roll Eyes",
"eyeshot": "Eye Shot",
"faint": "Faint",
"false": "False!",
"fanatical": "Fanatical",
"fanfar": "Fanfar (Instrument)",
"fanshot": "Fan Shot",
"faq": "Read The Frequently Asked Questions",
"fastblast": "Fast Blast",
"fastidious": "Fastidious",
"fear": "Fear",
"fearful": "Fearful",
"feel": "Feel",
"feh": "Feh!",
"feigndeath": "Feign Death",
"fiddle": "Fiddle",
"fidget": "Fidget",
"find": "Find",
"fireacidcone1": "Acid Cone 1",
"fireacidcone2": "Acid Cone 2",
"fireacidsingle1": "Acid Single 1",
"fireacidsingle2": "Acid Single 2",
"fireheavyweapon": "Fire Heavy Weapon",
"firejet": "Fire Jet",
"firelightningcone1": "Lightning Cone 1",
"firelightningcone2": "Lightning Cone 2",
"firelightningsingle1": "Lightning Single 1",
"firelightningsingle2": "Lightning Single 2",
"firm": "Firm",
"firstaid": "First Aid",
"fish": "Fish",
"fistpalm": "Palm Fist",
"fizz": "Fizz (Instrument)",
"flail": "Flail",
"flame": "Flame",
"flamecone1": "Flame Cone 1",
"flamecone2": "Flame Cone 2",
"flamesingle1": "Flame Single 1",
"flamesingle2": "Flame Single 2",
"flee": "Flee",
"flex": "Flex",
"flip": "Flip",
"flipcoin": "Flip Coin",
"flirt": "Flirt",
"flourish": "Flourish",
"flourish+1": "Flourish 1 (Dance & Music)",
"flourish+2": "Flourish 2 (Dance & Music)",
"flourish+3": "Flourish 3 (Dance & Music)",
"flourish+4": "Flourish 4 (Dance & Music)",
"flourish+5": "Flourish 5 (Dance & Music)",
"flourish+6": "Flourish 6 (Dance & Music)",
"flourish+7": "Flourish 7 (Dance & Music)",
"flourish+8": "Flourish 8 (Dance & Music)",
"flourish+9": "Flourish 9 (Dance & Music)",
"flower": "Flower",
"flurryshot": "Flurry Shot",
"flurryshot1": "Flurry Shot 1",
"flurryshot2": "Flurry Shot 2",
"flushgraphicresources": "Flush Graphic Resources",
"flushingshot1": "Flushing Shot 1",
"flushingshot2": "Flushing Shot 2",
"flutedroopy": "Chidinkalu Horn (Instrument)",
"flutter": "Heart Flutter",
"follow": "Follow",
"fool": "Fool",
"forage": "Forage",
"forceabsorb1": "Force Absorb 1",
"forceabsorb2": "Force Absorb 2",
"forcearmor1": "Force Armor 1",
"forcearmor2": "Force Armor 2",
"forcechoke": "Force Choke",
"forcecuredisease": "Force Cure Disease",
"forcecurepoison": "Force Cure Poison",
"forcefeedback1": "Force Feedback 1",
"forcefeedback2": "Force Feedback 2",
"forceintimidate": "",
"forceintimidate1": "Force Intimidate 1",
"forceintimidate2": "Force Intimidate 2",
"forceknockdown1": "Force Knockdown 1",
"forceknockdown2": "Force Knockdown 2",
"forceknockdown3": "Force Knockdown 3",
"forcelightningcone1": "Force Lightning Cone 1",
"forcelightningcone2": "Force Lightning Cone 2",
"forcelightningsingle1": "Force Lightning Single 1",
"forcelightningsingle2": "Force Lightning Single 2",
"forcemeditate": "Force Meditate",
"forceofwill": "Force of Will",
"forceresistbleeding": "Force Resist Bleeding",
"forceresistdisease": "Force Resist Disease",
"forceresistpoison": "Force Resist Poison",
"forceresiststates": "Force Resist States",
"forcerun1": "Force Run 1",
"forcerun2": "Force Run 2",
"forcerun3": "Force Run 3",
"forceshield1": "Force Shield 1",
"forceshield2": "Force Shield 2",
"forcespeed1": "Force Speed 1",
"forcespeed2": "Force Speed 2",
"forcethrow1": "Force Throw 1",
"forcethrow2": "Force Throw 2",
"forceweaken1": "Force Weaken 1",
"forceweaken2": "Force Weaken 2",
"forgive": "Forgive",
"formup": "Form Up",
"friendly": "Friendly",
"frown": "Frown",
"frustrated": "Frustrated",
"fullautoarea": "Full Auto Area",
"fullautoarea1": "Full Auto Area 1",
"fullautoarea2": "Full Auto Area 2",
"fullautosingle": "Full Auto Single",
"fullautosingle1": "Full Auto Single 1",
"fullautosingle2": "Full Auto Single 2",
"fume": "Fume",
"fuzzy": "Fuzzy",
"gag": "Gag",
"gallop": "Gallop",
"gallopstop": "Stop Galloping",
"gape": "Gape",
"gasp": "Gasp",
"gawk": "Gawk",
"gaze": "Gaze",
"getattributesbatch": "getAttributesBatch",
"giggle": "Giggle",
"giveitem": "Give item",
"giveup": "Give Up",
"glare": "Glare",
"gloat": "Gloat",
"gloomy": "Gloomy",
"glow": "Glow",
"going": "Going To Charge",
"goofy": "Goofy",
"grantzoningrights": "Grant Zoning Rights",
"greet": "Greet",
"grin": "Grin",
"groan": "Groan",
"group": "Group",
"grovel": "Grovel",
"growl": "Growl",
"grumble": "Grumble",
"grumpy": "Grumpy",
"grunt": "Grunt",
"guildremove": "Guild Remove",
"guildstatus": "Guild Status",
"guilty": "Guilty",
"gulp": "Gulp",
"hack": "Hack",
"hail": "Hail",
"halfnelson": "Half-nelson",
"halo": "Halo",
"hand": "Give/Kiss Hand",
"handshake": "Shake Hand",
"happy": "Happy",
"harvestcorpse": "Harvest Corpse",
"haughty": "Haughty",
"haveconsent": "Have Consent",
"headache": "Headache",
"headlock": "Headlock",
"headshot": "Head Shot",
"headshot1": "Head Shot 1",
"headshot2": "Head Shot 2",
"headshot3": "Head Shot 3",
"healactionself1": "Heal Action Self 1",
"healactionself2": "Heal Action Self 2",
"healactionwoundother1": "Heal Action Wound Other 1",
"healactionwoundother2": "Heal Action Wound Other 2",
"healactionwoundself1": "Heal Action Wound Self 1",
"healactionwoundself2": "Heal Action Wound Self 2",
"healallother1": "Heal All Other 1",
"healallother2": "Heal All Other 2",
"healallself1": "Heal All Self 1",
"healallself2": "Heal All Self 2",
"healbattlefatigueother1": "Heal Battle Fatigue Other 1",
"healbattlefatigueother2": "Heal Battle Fatigue Other 2",
"healbattlefatigueself1": "Heal Battle Fatigue Self 1",
"healbattlefatigueself2": "Heal Battle Fatigue Self 2",
"healdamage": "Heal Damage",
"healenhance": "Heal Enhance",
"healhealthself1": "Heal Health Self 1",
"healhealthself2": "Heal Health Self 2",
"healhealthwoundother1": "Heal Health Wound Other 1",
"healhealthwoundother2": "Heal Health Wound Other 2",
"healhealthwoundself1": "Heal Health Wound Self 1",
"healhealthwoundself2": "Heal Health Wound Self 2",
"healmind": "Heal Mind",
"healmindself1": "Heal Mind Self 1",
"healmindself2": "Heal Mind Self 2",
"healmindwoundother1": "Heal Mind Wound Other 1",
"healmindwoundother2": "Heal Mind Wound Other 2",
"healmindwoundself1": "Heal Mind Wound Self 1",
"healmindwoundself2": "Heal Mind Wound Self 2",
"healstate": "Heal State",
"healstatesother": "Heal States Other",
"healstatesself": "Heal States Self",
"healthshot1": "Health Shot 1",
"healthshot2": "Health Shot 2",
"healwound": "Heal Wound",
"hearnoevil": "Hear No Evil",
"help": "Help!",
"helpme": "Help Me!",
"hero": "Hero",
"heroic": "Heroic",
"hi5": "High Five",
"hiccup": "Hiccup",
"hiss": "Hiss",
"hobble": "Hobble",
"holdon": "Hold On",
"holoemote": "Holo-Emote",
"honest": "Honest",
"hop": "Hop",
"hopeful": "Hopeful",
"hopeless": "Hopeless",
"hose": "Hose Down",
"hot": "Hot",
"hug": "Hug",
"huge": "It Was Huge",
"hum": "Hum",
"humble": "Humble",
"hunger": "Hunger",
"hungry": "Hungry",
"hurried": "Hurried",
"hysterical": "Hysterical",
"iffscramble": "IFF Transponder Scramble",
"imagedesign": "Image Design",
"imagedesigner": "Image Designer",
"imfull": "Full Stomach",
"imitate": "Imitate",
"imploring": "Imploring",
"indifferent": "Indifferent",
"indignant": "Indignant",
"innate": "Innate Commands",
"innocent": "Innocent",
"insertitemintoshipcomponentslot": "Load Item into Ship",
"inspacereload": "Underway Replenishment",
"inspacerepair": "In Space Repair",
"inspacerr": "Repair and Replenishment",
"inspect": "Inspect",
"installmissionterminal": "Install Mission Terminal",
"installshipcomponent": "Install Ship Component",
"interested": "Interested",
"interplanetary_travel": "Interplanetary Travel",
"intimidate1": "Intimidate 1",
"intimidate2": "Intimidate 2",
"intimidationattack": "Intimidation Attack",
"introduce": "Introduce",
"invite": "invite to group",
"isafk": "Is Afk",
"jam": "Just A Moment!",
"jas": "Just A Second!",
"jealous": "Jealous",
"jedimindtrick": "Jedi Mind Trick",
"jk": "Just Kidding",
"joyful": "Joyful",
"jstart1": "Jump Start Level One",
"jstart2": "Jump Start Level Two",
"jstart3": "Jump Start Level Three",
"jump": "Jump Up",
"kipupshot": "Kip Up Shot",
"kiss": "Kiss",
"kisscheek": "Kiss Cheek",
"kloohorn": "Kloo Horn (Instrument)",
"kneel": "Kneel",
"knock": "Knock",
"knockdownattack": "Knock Down Attack",
"knockdownfire": "Fire Knockdown",
"knockwood": "Knock On Wood",
"kowtow": "Kowtow (Honorable Bow)",
"lag": "Lag",
"lagging": "Lagging",
"language": "Set Spoken Language",
"language+bothese": "Speak Bothese",
"language+dosh": "Speak Dosh",
"language+ithorian": "Speak Ithorian",
"language+lekku": "Speak Lekku Language",
"language+moncalamarian": "Speak Mon Calamarian",
"language+rodese": "Speak Rodese",
"language+ryl": "Speak Ryl",
"language+shyriiwook": "Speak Shyriiwook",
"language+sullustan": "Speak Sullustan",
"language+zabrak": "Speak Zabrak",
"large": "It Was Large",
"lastditch": "Last Ditch",
"laugh": "Laugh",
"launchfirework": "Launch Firework",
"launchintospace": "Launch into Space",
"lazy": "Lazy",
"lean": "Lean",
"leavegame": "Leave Game",
"leer": "Leer",
"left": "Point Left",
"legshake": "Shake Leg",
"legshot": "Leg Shot",
"legshot1": "Leg Shot 1",
"legshot2": "Leg Shot 2",
"legshot3": "Leg Shot 3",
"lfg": "Looking for a Group",
"lick": "Lick",
"listen": "Listen",
"lives": "Lives",
"lofty": "Lofty",
"logical": "Logical",
"lol": "Laugh Out Loud!",
"loser": "Loser",
"lost": "Lost",
"loud": "Loud",
"love": "Love",
"loving": "Loving",
"lowblow": "Low Blow",
"luck": "Luck (Good Luck)",
"lustful": "Lustful",
"maintenance_fees_1": "Reduced Maintenance Fees",
"makeroom": "Make Room",
"malevolent": "Malevolent",
"manage_militia": "Manage Militia",
"manage_taxes": "Manage Taxes",
"mandoviol": "Mandoviol (Instrument)",
"manual": "Read The Manual",
"maskscent": "Mask Scent",
"mean": "Mean",
"medicalforage": "Medical Forage",
"medicalforaging": "Medical Forage",
"meditate": "Meditate",
"medium": "It Was Medium",
"melee1hblindhit1": "One-Hand Blind 1",
"melee1hblindhit2": "One-Hand Blind 2",
"melee1hbodyhit1": "One-Hand Body Hit 1",
"melee1hbodyhit2": "One-Hand Body Hit 2",
"melee1hbodyhit3": "One-Hand Body Hit 3",
"melee1hdizzyhit1": "One-Hand Dizzy 1",
"melee1hdizzyhit2": "One-Hand Dizzy 2",
"melee1hhealthhit1": "One-Hand Health Hit 1",
"melee1hhealthhit2": "One-Hand Health Hit 2",
"melee1hhit1": "One-Hand Hit 1",
"melee1hhit2": "One-Hand Hit 2",
"melee1hhit3": "One-Hand Hit 3",
"melee1hlunge1": "One-Hand Lunge 1",
"melee1hlunge2": "One-Hand Lunge 2",
"melee1hscatterhit1": "One-Hand Scatter Hit 1",
"melee1hscatterhit2": "One-Hand Scatter Hit 2",
"melee1hspinattack1": "One-Hand Spin Attack 1",
"melee1hspinattack2": "One-Hand Spin Attack 2",
"melee2harea1": "Two-Hand Area Attack 1",
"melee2harea2": "Two-Hand Area Attack 2",
"melee2harea3": "Two-Hand Area Attack 3",
"melee2hheadhit1": "Two-Hand Head Hit 1",
"melee2hheadhit2": "Two-Hand Head Hit 2",
"melee2hheadhit3": "Two-Hand Head Hit 3",
"melee2hhit1": "Two-Hand Hit 1",
"melee2hhit2": "Two-Hand Hit 2",
"melee2hhit3": "Two-Hand Hit 3",
"melee2hlunge1": "Two-Hand Lunge 1",
"melee2hlunge2": "Two-Hand Lunge 2",
"melee2hmindhit1": "Two-Hand Mind Hit 1",
"melee2hmindhit2": "Two-Hand Mind Hit 2",
"melee2hspinattack1": "Two-Hand Spin Attack 1",
"melee2hspinattack2": "Two-Hand Spin Attack 2",
"melee2hsweep1": "Two-Hand Sweep 1",
"melee2hsweep2": "Two-Hand Sweep 2",
"melee_damage_mitigation_1": "Melee Damage Mitigation 1",
"melee_damage_mitigation_2": "Melee Damage Mitigation 2",
"melee_damage_mitigation_3": "Melee Damage Mitigation 3",
"meleedefense1": "Melee Defense 1",
"meleedefense2": "Melee Defense 2",
"melt": "Melt",
"merchant_fees_1": "Reduced Bazaar Fees",
"mercy": "Mercy!",
"mimic": "Mimic",
"mindblast1": "Mind Blast 1",
"mindblast2": "Mind Blast 2",
"mindshot1": "Mind Shot 1",
"mindshot2": "Mind Shot 2",
"mirror": "Mirror",
"mischievous": "Mischievous",
"mock": "Mock",
"model": "Model",
"mope": "Mope",
"mosh": "Mosh!",
"mount": "Mount",
"mourn": "Mourn",
"multitargetpistolshot": "Multi Target Pistol Shot",
"multitargetshot": "Multi Target Shot",
"musician": "Musician",
"mutedroid": "Mute Flight Astromech/Computer",
"mutter": "Mutter",
"nails": "Fingernails",
"nalargon": "Nalargon (Instrument)",
"namestructure": "Name Structure",
"nap": "Nap",
"nausea": "Nausea",
"navigator": "Space Lane Navigation",
"nblast": "Nebula Blast",
"nelson": "Nelson",
"nervous": "Nervous",
"neutral": "Neutral",
"newbiehelper": "Newbie Helper",
"nextcraftingstage": "Next Crafting Stage",
"nice": "Nice",
"nod": "Nod",
"none": "None",
"nono": "That's A No-No",
"noogie": "Noogie",
"nose": "Nose",
"npcconversationselect": "Conversation Response",
"npcconversationstart": "Start Conversing",
"npcconversationstop": "Stop Conversing",
"nudge": "Nudge",
"nuzzle": "Nuzzle",
"obnoxious": "Obnoxious",
"obscure": "Obscure",
"offended": "Offended",
"omg": "Oh My Gosh!",
"omnibox": "Ommni Box (Instrument)",
"onehandmeleeblind1": "One-Hand Melee Blind 1",
"onehandmeleebodyhit": "One-Hand Melee Body Hit",
"onehandmeleedizzy1": "One-Hand Melee Dizzy 1",
"onehandmeleeheadhit": "One-Hand Melee Head Hit",
"onehandmeleehit1": "One-Hand Melee Hit 1",
"onehandmeleehit2": "One-Hand Melee Hit 2",
"onehandmeleeleghit": "One-Hand Melee Leg Hit",
"onehandmeleestun1": "One-Hand Melee Stun 1",
"onehandmeleesweep1": "One-Hand Melee Sweep 1",
"onehandmeleesweep2": "One-Hand Melee Sweep 2",
"oneknee": "Take A Knee",
"openclosewings": "WingsOpenClose",
"opossum": "Opossum (Play Dead)",
"optimistic": "Optimistic",
"overchargeshot1": "Overcharge Shot 1",
"overchargeshot2": "Overcharge Shot 2",
"painful": "Painful",
"panic": "Panic!",
"panicked": "Panicked",
"panicshot": "Panic Shot",
"pant": "Pant",
"pat": "Pat",
"patient": "Patient",
"pawithdraw": "Withdraw",
"paymaintenance": "Pay Maintenance",
"payup": "Pay Up",
"peace": "Peace",
"pedantic": "Pedantic",
"peer": "Peer",
"peptalk": "Pep Talk",
"perturbed": "Perturbed",
"pessimistic": "Pessimistic",
"pet": "Pet",
"pet_attack": "Pet Command: Attack",
"pet_follow": "Pet Command: Follow",
"pet_followother": "Pet Command: Follow Other",
"pet_formation": "Pet Command: Formations",
"pet_friend": "Pet Command: Friend",
"pet_group": "Pet Command: Group",
"pet_guard": "Pet Command: Guard",
"pet_patrol": "Pet Command: Patrol",
"pet_rangedattack": "Pet Command:  Ranged Attack",
"pet_release": "Pet Command: Store",
"pet_specialattack1": "Pet Command:  Special Attack One",
"pet_specialattack2": "Pet Command:  Special Attack Two",
"pet_stay": "Pet Command: Stay",
"pet_transfer": "Pet Command: Transfer",
"pethigh": "Pet High",
"petlow": "Pet Low",
"petulant": "Petulant",
"peyoo": "Peeyoo! (Something Stinks)",
"philosophical": "Philosophical",
"pillow": "Pillow Fight",
"pinch": "Pinch",
"pistolaim": "Pistol Aim",
"pistolcharge": "Pistol Charge",
"pistoldisarmingshot": "Pistol Disarming Shot",
"pistolflurryshot": "Pistol Flurry Shot",
"pistolmeleedefense1": "Pistol Melee Defense 1",
"pistolmeleedefense2": "Pistol Melee Defense 2",
"pistolscattershot": "Pistol Scatter Shot",
"pistolsneak": "Pistol Sneak Shot",
"pistolstartleshot": "Pistol Startle Shot",
"pistolstrafeshot": "Pistol Strafe Shot",
"pistolsuppressionfire": "Pistol Suppression Fire",
"pistolsurpriseshot": "Pistol Surprise Shot",
"pitying": "Pitying",
"place_bank": "Place Bank",
"place_cantina": "Place Cantina",
"place_cityhall": "Place City Hall",
"place_cloning": "Place Cloning",
"place_exotic_garden": "Place Exotic Garden",
"place_faction_terminal": "Place Faction Terminal",
"place_fountain": "Place Fountain",
"place_garage": "Place City Garage",
"place_hospital": "Place Hospital",
"place_large_garden": "Place Large Garden",
"place_medium_garden": "Place Medium Garden",
"place_merchant_tent": "Place Merchant Tent",
"place_mission_terminals": "Place Mission Terminals",
"place_shuttleport": "Place Shuttleport",
"place_small_garden": "Place Small Garden",
"place_statue": "Place Statue",
"place_streetlamp": "Place Streetlamp",
"place_theater": "Place Theater",
"place_trainers": "Place Trainers",
"placebattlefieldstructure": "Place Battlefield Structure",
"placestructuremode": "Place Structure",
"playful": "Playful",
"plugears": "Plug Ears",
"plugnose": "Plug Nose",
"point": "Point",
"pointat": "Point At",
"pointblankarea1": "Point Blank Area 1",
"pointblankarea2": "Point Blank Area 2",
"pointblanksingle1": "Point Blank Single 1",
"pointblanksingle2": "Point Blank Single 2",
"pointdown": "Point Down",
"pointleft": "Point Left",
"pointright": "Point Right",
"pointup": "Point Up",
"poke": "Poke Ribs",
"polearmactionhit1": "Polearm Action Hit 1",
"polearmactionhit2": "Polearm Action Hit 2",
"polearmarea1": "Polearm Area Attack 1",
"polearmarea2": "Polearm Area Attack 2",
"polearmblind1": "Polearm Blind 1",
"polearmbodyhit": "Polearm Body Hit",
"polearmdizzy1": "Polearm Dizzy",
"polearmheadhit": "Polearm Head Hit",
"polearmhit1": "Polearm Hit 1",
"polearmhit2": "Polearm Hit 2",
"polearmhit3": "Polearm Hit 3",
"polearmleghit1": "Polearm Leg Hit 1",
"polearmleghit2": "Polearm Leg Hit 2",
"polearmleghit3": "Polearm Leg Hit 3",
"polearmlunge1": "Polearm Lunge 1",
"polearmlunge2": "Polearm Lunge 2",
"polearmspinattack1": "Polearm Spin Attack 1",
"polearmspinattack2": "Polearm Spin Attack 2",
"polearmstun1": "Polearm Stun 1",
"polearmstun2": "Polearm Stun 2",
"polearmstunhit1": "Polearm Stun Hit 1",
"polearmsweep1": "Polearm Sweep 1",
"polearmsweep2": "Polearm Sweep 2",
"polite": "Polite",
"pompous": "Pompous",
"ponder": "Ponder",
"posturedownattack": "Posture Down Attack",
"postureupattack": "Posture Up Attack",
"pound": "Pound Chest",
"pout": "Pout",
"powerboost": "Power Boost",
"preen": "Preen",
"premium_auctions": "Premium Auctions",
"primp": "Primp",
"prod": "Prod",
"prone": "Prone",
"protect": "Protect",
"proud": "Proud",
"provocative": "Provocative",
"provoke": "Provoke",
"pshrug": "Shrug (Philosophical)",
"ptrap1": "Pirate Trap Level One",
"ptrap2": "Pirate Trap Level Two",
"pucker": "Pucker",
"puke": "Puke",
"pull": "Pull",
"pumpreactor": "Pump Reactor",
"punch": "Punch",
"purchasereinforcement": "Purchase Reinforcement",
"purchaseticket": "Purchase Ticket",
"push": "Push",
"puzzle": "Puzzle",
"puzzled": "Puzzled",
"question": "Question",
"quickheal": "Quick Heal",
"quiet": "Quiet!",
"r": "Reply",
"raise": "Raise Hand(s)",
"rally": "Rally",
"ranged_damage_mitigation_1": "Ranged Damage Mitigation 1",
"ranged_damage_mitigation_2": "Ranged Damage Mitigation 2",
"ranged_damage_mitigation_3": "Ranged Damage Mitigation 3",
"raspberry": "Raspberry",
"ready": "Ready",
"reassure": "Reassure",
"recruitskilltrainer": "Recruit Skill Trainer",
"regainconsciousness": "Regain Consciousness",
"regeneration": "Regeneration",
"registerwithlocation": "Register Location with Planetary Map",
"regretful": "Regretful",
"relaxed": "Relaxed",
"relieved": "Relieved",
"reload": "Reload",
"reluctant": "Reluctant",
"remorseful": "Remorseful",
"repairbattlefieldstructure": "Repair Battlefield Structure",
"reply": "Reply",
"requestcraftingsession": "Begin Crafting",
"requestcraftingstation": "Begin Crafting",
"rescue": "Rescue",
"resigned": "Resigned",
"respectful": "Respectful",
"restartcraftingsession": "Restart Crafting Session",
"retell": "Retell",
"retreat": "Retreat!",
"reviveplayer": "Revive Player",
"rifleaim": "Rifle Aim",
"riflecharge": "Rifle Charge",
"rifledisarmingshot": "Rifle Disarming Shot",
"rifleflurryshot": "Rifle Flurry Shot",
"riflemeleedefense1": "Rifle Melee Defense 1",
"riflemeleedefense2": "Rifle Melee Defense 2",
"riflescattershot": "Rifle Scatter Shot",
"riflesneak": "Rifle Sneak",
"riflestartleshot": "Rifle Startle Shot",
"riflestrafeshot": "Rifle Strafe Shot",
"riflesuppressionfire": "Rifle Suppression Fire",
"riflesurpriseshot": "Rifle Surprise Shot",
"riflewildshot": "Rifle Wild Shot",
"right": "Point Right",
"roar": "Roar",
"rofl": "Rolling On The Floor Laughing!",
"roll": "Roll Eyes",
"rolleyes": "Roll Eyes",
"rollshot": "Roll Shot",
"romantic": "Romantic",
"rose": "Give Rose",
"rtell": "Re-Tell",
"rubnose": "Rub Nose",
"rude": "Rude",
"ruffle": "Ruffle",
"saber1hcombohit1": "Saber One Hand Combo Hit 1",
"saber1hcombohit2": "Saber One Hand Combo Hit 2",
"saber1hcombohit3": "Saber One Hand Combo Hit 3",
"saber1hflurry": "Saber One Hand Flurry",
"saber1hflurry2": "Saber One Hand Flurry 2",
"saber1hheadhit1": "Saber One Hand Head Hit 1",
"saber1hheadhit2": "Saber One Hand Head Hit 2",
"saber1hheadhit3": "Saber One Hand Head Hit 3",
"saber1hhit1": "Saber One Hand Hit 1",
"saber1hhit2": "Saber One Hand Hit 2",
"saber1hhit3": "Saber One Hand Hit 3",
"saber2hbodyhit1": "Saber Two Hand Body Hit 1",
"saber2hbodyhit2": "Saber Two Hand Body Hit 2",
"saber2hbodyhit3": "Saber Two Hand Body Hit 3",
"saber2hfrenzy": "Saber Two Hand Frenzy",
"saber2hhit1": "Saber Two Hand Hit 1",
"saber2hhit2": "Saber Two Hand Hit 2",
"saber2hhit3": "Saber Two Hand Hit 3",
"saber2hphantom": "Saber Two Hand Phantom Attack",
"saber2hsweep1": "Saber Two Hand Sweep 1",
"saber2hsweep2": "Saber Two Hand Sweep 2",
"saber2hsweep3": "Saber Two Hand Sweep 3",
"saber_block": "Saber Block",
"saberpolearmdervish": "Saber Polearm Dervish",
"saberpolearmdervish2": "Saber Polearm Dervish 2",
"saberpolearmhit1": "Saber Polearm Hit 1",
"saberpolearmhit2": "Saber Polearm Hit 2",
"saberpolearmhit3": "Saber Polearm Hit 3",
"saberpolearmleghit1": "Saber Polearm Leg Hit 1",
"saberpolearmleghit2": "Saber Polearm Leg Hit 2",
"saberpolearmleghit3": "Saber Polearm Leg Hit 3",
"saberpolearmspinattack1": "Saber Polearm Spin Attack 1",
"saberpolearmspinattack2": "Saber Polearm Spin Attack 2",
"saberpolearmspinattack3": "Saber Polearm Spin Attack 3",
"saberslash1": "Saber Slash 1",
"saberslash2": "Saber Slash 2",
"saberthrow1": "Saber Throw 1",
"saberthrow2": "Saber Throw 2",
"saberthrow3": "Saber Throw 3",
"sad": "Sad",
"salute": "Salute",
"sample": "Sample Resource",
"sampledna": "Sample DNA",
"sarcastic": "Sarcastic",
"scare": "Scare",
"scared": "Scared",
"scattershot": "Scatter Shot",
"scattershot1": "Scatter Shot 1",
"scattershot2": "Scatter Shot 2",
"scold": "Scold",
"scolding": "Scolding",
"scornful": "Scornful",
"scowl": "Scowl",
"scratch": "Scratch",
"scream": "Scream",
"sedate": "Sedate",
"seenoevil": "See No Evil",
"selectdraftschematic": "Select Draft Schematic",
"send": "Send",
"serious": "Serious",
"serversysgroup": "Server System Group",
"setformation": "Set Formation",
"setformationslot": "Set Formation Slot",
"setspokenlanguage": "Set Spoken Language",
"setspokenlanguage+bothan": "Speak Bothan",
"setspokenlanguage+ithorian": "Speak Ithorian",
"setspokenlanguage+lekku": "Lekku Language",
"setspokenlanguage+moncalamari": "Speak Mon Calamari",
"setspokenlanguage+rodian": "Speak Rodian",
"setspokenlanguage+sullustan": "Speak Sullustan",
"setspokenlanguage+trandoshan": "Speak Trandoshan",
"setspokenlanguage+twilek": "Speak Twi'lek",
"setspokenlanguage+wookiee": "Speak Wookiee",
"setspokenlanguage+zabrak": "Speak Zabrak",
"setwaypointactivestatus": "Set Waypoint Active Status",
"shake": "Shake Head",
"shameless": "Shameless",
"sharpen": "Sharpen",
"sheepish": "Sheepish",
"shifty": "Shifty",
"shiver": "Shiver",
"shocked": "Shocked",
"shoo": "Shoo",
"shower": "Take A Shower",
"shrug": "Shrug",
"shudder": "Shudder",
"shush": "Shush!",
"shy": "Shy",
"sigh": "Sigh",
"silly": "Silly",
"sincere": "Sincere",
"sit": "Sit",
"skip": "Skip",
"slap": "Slap",
"sleepy": "Sleepy",
"slice_armor": "Slicing: Armor",
"slice_containers": "Slicing: Containers",
"slice_sockets": "Slicing: Sockets",
"slice_terminals": "Slicing: Terminals",
"slice_weaponsadvanced": "Slicing: Weapons (Advanced)",
"slice_weaponsbasic": "Slicing: Weapons (Basic)",
"slit": "Slit Eyes",
"slitherhorn": "Slitherhorn (Instrument)",
"slobber": "Slobber",
"sly": "Sly",
"small": "It Was Small",
"smell": "Smell",
"smile": "Smile",
"smirk": "Smirk",
"smokebomb": "Smoke Bomb",
"smug": "Smug",
"snap": "Snap Fingers",
"snarl": "Snarl",
"sneak": "Sneak",
"sneer": "Sneer",
"sneeze": "Sneeze",
"snicker": "Snicker",
"sniff": "Sniff",
"sniffle": "Sniffle",
"snipershot": "Sniper Shot",
"snobby": "Snobby",
"snog": "Snog",
"snore": "Snore",
"snort": "Snort",
"soapbox": "Soapbox",
"softclap": "Soft Clap",
"sorry": "Sorry",
"spam": "Spam!",
"speaknoevil": "Speak No Evil",
"spin": "Spin",
"spit": "Spit",
"spiteful": "Spiteful",
"splitcreditswithgroup": "Split Cash Credits With Group",
"spotlight": "Spot Light",
"sprayshot": "Spray Shot",
"squeamish": "Squeamish",
"squeeze": "Squeeze",
"squirm": "Squirm",
"stand": "Stand",
"stare": "Stare",
"startdance": "Start Dancing",
"startdance+basic": "Basic (Dance)",
"startdance+basic2": "Basic2 (Dance)",
"startdance+breakdance": "Breakdance (Dance)",
"startdance+breakdance2": "Breakdance2 (Dance)",
"startdance+exotic": "Exotic (Dance)",
"startdance+exotic2": "Exotic2 (Dance)",
"startdance+exotic3": "Exotic3 (Dance)",
"startdance+exotic4": "Exotic4 (Dance)",
"startdance+footloose": "Footloose (Dance)",
"startdance+footloose2": "Footloose2 (Dance)",
"startdance+formal": "Formal (Dance)",
"startdance+formal2": "Formal2 (Dance)",
"startdance+lyrical": "Lyrical (Dance)",
"startdance+lyrical2": "Lyrical2 (Dance)",
"startdance+poplock": "Poplock (Dance)",
"startdance+poplock2": "Poplock2 (Dance)",
"startdance+popular": "Popular (Dance)",
"startdance+popular2": "Popular2 (Dance)",
"startdance+rhythmic": "Rhythmic (Dance)",
"startdance+rhythmic2": "Rhythmic2 (Dance)",
"startdance+theatrical": "Theatrical (Dance)",
"startdance+theatrical2": "Theatrical2 (Dance)",
"startdance+tumble": "Tumble (Dance)",
"startdance+tumble2": "Tumble2 (Dance)",
"startleshot": "Startle Shot",
"startleshot1": "Startle Shot 1",
"startleshot2": "Startle Shot 2",
"startmusic": "Start Music",
"startmusic+ballad": "Ballad (Song)",
"startmusic+ceremonial": "Ceremonial (Song)",
"startmusic+folk": "Folk (Song)",
"startmusic+funk": "Funk (Song)",
"startmusic+jazz": "Jazz (Song)",
"startmusic+rock": "Rock (Song)",
"startmusic+starwars1": "Starwars1 (Song)",
"startmusic+starwars2": "Starwars2 (Song)",
"startmusic+starwars3": "Starwars3 (Song)",
"startmusic+starwars4": "Starwars4 (Song)",
"startmusic+virtuoso": "Virtuoso (Song)",
"startmusic+waltz": "Waltz (Song)",
"startmusic+western": "Western (Song)",
"steadyaim": "Steady Aim",
"steam": "Steam",
"stink": "Stink",
"stomp": "Stomp",
"stop": "Stop!",
"stopbleeding": "Stop Bleeding",
"stopcraftingsession": "Stop Crafting Session",
"stopdance": "Stop Dancing",
"stopfollow": "Stop Following",
"stopmusic": "Stop Music",
"stoppingshot": "Stopping Shot",
"strafe": "Strafe",
"strafeshot1": "Strafe Shot 1",
"strafeshot2": "Strafe Shot 2",
"strangle": "Strangle",
"stretch": "Stretch",
"structurestatus": "Structure Status",
"strut": "Strut",
"stubborn": "Stubborn",
"stunattack": "Stun Attack",
"suffering": "Suffering",
"sulk": "Sulk",
"sullen": "Sullen",
"summon": "Summon",
"suppressionfire": "Suppression Fire",
"suppressionfire1": "Suppression Fire 1",
"suppressionfire2": "Suppression Fire 2",
"surly": "Surly",
"surprised": "Surprised",
"surpriseshot": "Surprise Shot",
"surrender": "Surrender",
"surrenderself": "Surrender Self",
"surrenderskill": "Surrender Skill",
"survey": "Survey Resources",
"suspicious": "Suspicious",
"swat": "Swat",
"sweat": "Sweat",
"sweep": "Sweep Floor",
"sysgroup": "System Message To Group",
"t": "Tell",
"tackle": "Tackle",
"tag": "Tag!  You're It!",
"take_cover": "Take Cover",
"takecover": "Take Cover",
"tame": "Tame",
"tantrum": "Tantrum",
"tap": "Tap Foot",
"taunt": "Taunt",
"taunting": "Taunting",
"teach": "Teach",
"tease": "Tease",
"tell": "Tell",
"tenddamage": "Tend Damage",
"tendwound": "Tend Wound",
"terrified": "Terrified",
"thank": "Thanks",
"thankful": "Thankful",
"thirst": "Thirsty",
"thirsty": "Thirsty",
"thoughtful": "Thoughtful",
"threatenshot": "Threaten Shot",
"throw": "Throw",
"throwat": "Throw At",
"throwdown": "Throw Down Gauntlet",
"throwgrenade": "Throw Grenade",
"throwtrap": "Trap Throw",
"thumbdown": "Thumb Down",
"thumbsdown": "Thumbs Down",
"thumbsup": "Thumbs Up",
"thumbup": "Thumb Up",
"thxinfo": "Thanks For The Info (Sarcastic)",
"tickle": "Tickle",
"timid": "Timid",
"tiny": "It Was Tiny",
"tip": "Tip Hat",
"tiphat": "Tip Hat",
"tiptoe": "Tiptoe",
"tired": "Tired",
"tmi": "Too Much Information!",
"tolerant": "Tolerant",
"tongue": "Tongue",
"torsoshot": "Torso Shot",
"toss": "Toss",
"totalhealother": "Total Heal Other",
"totalhealself": "Total Heal Self",
"train_mount": "Train Mount",
"transferforce": "Transfer Force",
"transferitem": "Transfer Item",
"transferitemarmor": "Transfer Armor",
"transferitemmisc": "Transfer Item",
"transferitemweapon": "Transfer Weapon",
"traz": "Traz (Instrument)",
"trick1": "Pet Command: Trick1",
"trick2": "Pet Command: Trick2",
"trick3": "Pet Command: Trick3",
"trick4": "Pet Command: Trick4",
"troubled": "Troubled",
"tsktsk": "Tsk Tsk.",
"ttell": "Target Tell",
"tug": "Tug",
"tumbletokneeling": "Tumble To Kneeling",
"tumbletoprone": "Tumble To Prone",
"tumbletostanding": "Tumble To Standing",
"tweak": "Tweak",
"twibble": "Twibble",
"twiddle": "Twiddle Thumbs",
"twirl": "Twirl",
"twistarm": "Twist Arm",
"twitch": "Twitch",
"twohandmeleeblind1": "Two-Hand Melee Blind 1",
"twohandmeleebodyhit": "Two-Hand Melee Body Hit",
"twohandmeleedizzy1": "Two-Hand Melee Dizzy 1",
"twohandmeleeheadhit": "Two-Hand Melee Head Hit",
"twohandmeleehit1": "Two-Hand Melee Hit 1",
"twohandmeleehit2": "Two-Hand Melee Hit 2",
"twohandmeleeleghit": "Two-Hand Melee Leg Hit",
"twohandmeleestun1": "Two-Hand Melee Stun 1",
"unarmedblind1": "Unarmed Blind 1",
"unarmedblind2": "Unarmed Blind 2",
"unarmedbodyhit1": "Unarmed Body Hit 1",
"unarmedcombo1": "Unarmed Combo 1",
"unarmedcombo2": "Unarmed Combo 2",
"unarmeddizzy1": "Unarmed Dizzy 1",
"unarmeddizzy2": "Unarmed Dizzy 2",
"unarmedheadhit1": "Unarmed Head Hit 1",
"unarmedhit1": "Unarmed Hit 1",
"unarmedhit2": "Unarmed Hit 2",
"unarmedhit3": "Unarmed Hit 3",
"unarmedknockdown1": "Unarmed Knockdown 1",
"unarmedknockdown2": "Unarmed Knockdown 2",
"unarmedleghit1": "Unarmed Leg Hit 1",
"unarmedlunge1": "Unarmed Lunge 1",
"unarmedlunge2": "Unarmed Lunge 2",
"unarmedspinattack1": "Unarmed Spin Attack 1",
"unarmedspinattack2": "Unarmed Spin Attack 2",
"unarmedstun1": "Unarmed Stun 1",
"unarmedstun2": "Unarmed Stun 2",
"unarmedsweep1": "Unarmed Sweep 1",
"unarmedsweep2": "Unarmed Sweep 2",
"uncertain": "Uncertain",
"uncle": "Uncle!",
"unconsent": "Unconsent",
"underhandshot": "Underhand Shot",
"undock": "Undock",
"unhappy": "Unhappy",
"uninstallshipcomponent": "Uninstall Ship Component",
"unwilling": "Unwilling",
"up": "Point Up",
"vendor_fees_1": "Reduced Vendor Fees",
"vengeful": "Vengeful",
"ventriloquism": "Ventriloquism",
"veto": "Veto",
"vitalize": "Vitalize",
"volley": "Volley",
"volleyfire": "Volley Fire",
"volleyfireattack": "Volley Fire Attack",
"vrepair": "Ship System Emergency Repair",
"vrepairother": "Other Ship System Emergency Repair",
"waft": "Waft",
"wait": "Wait",
"warcry": "Warcry",
"warcry1": "Warcry 1",
"warcry2": "Warcry 2",
"ward": "Ward",
"warm": "Warm",
"warningshot": "Warning Shot",
"wary": "Wary",
"wave": "Wave",
"waypoint": "Waypoint",
"welcome": "Welcome",
"whap": "Whap",
"whatthe": "What The?",
"whimper": "Whimper",
"whiny": "Whiny",
"whisper": "Whisper",
"whistle": "Whistle",
"wicked": "Wicked",
"wild_panic": "Wild Panic",
"wildpanic": "Wild Panic",
"wildshot": "Wild Shot",
"wildshot1": "Wild Shot 1",
"wildshot2": "Wild Shot 2",
"wince": "Wince",
"wink": "Wink",
"wise": "Wise",
"wistful": "Wistful",
"wookieehug": "Wookiee Hug",
"wookieeroar": "Wookiee Roar",
"worried": "Worried",
"worship": "Worship",
"wounded": "Wounded",
"wrinkle": "Wrinkle Nose",
"wtg": "Way To Go",
"yawn": "Yawn",
"yes": "Yes",
"youthful": "Youthful",
"zip": "Zip",
"zone": "Zone Out"
}