{
    "crafting_droid_general": "This experience is gained by crafting droids.",
    "combat_rangedspecialize_heavy": "This experience is gained by engaging in combat with heavy weapons.",
    "bountyhunter": "This experience is gained by completing bounty hunter missions.",
    "dance": "This experience is gained by performing dances.",
    "combat_rangedspecialize_carbine": "This experience is gained by engaging in combat with a carbine.",
    "crafting_structure_general": "This experience is gained by crafting structures.",
    "unobtainable": "This experience is unobtainable.",
    "creaturehandler": "This experience is gained from taming creatures, training creatures commands, and when creatures do well in combat.",
    "crafting_bio_engineer_creature": "This experience is earned by crafting Bio-Engineered components and creatures.",
    "crafting_weapons_general": "This experience is gained by crafting weapons.",
    "crafting_medicine_general": "This experience is gained by crafting medical items.  Doctors, Medics, and Combat Medics benefit from this type of experience.",
    "fs_senses": "This experience is gained through conversion of senses related experience types such as entertainer, scout, and medical.",
    "trapping": "This experience is gained from successfully trapping creatures in the wilderness.",
    "combat_meleespecialize_twohandlightsaber": "This experience is gained by engaging in two handed lightsaber melee combat.",
    "force_rank_xp": "This experience is a measure of your standing with your Jedi Enclave.  It can be gained by defeating Enclave enemies in battle.  It can be lost by being killed in combat as well as not fulfilling Enclave duties.",
    "combat_rangedspecialize_rifle": "This experience is gained from killing NPCs and creatures with a rifle.",
    "resource_harvesting_inorganic": "This experience is gained from sampling resources.",
    "political": "Political experience is earned by participating in the weekly mayoral votes held in player cities.",
    "combat_meleespecialize_unarmed": "This experience is gained by engaging in unarmed melee combat.",
    "fs_crafting": "This experience is gained through conversion of standard crafting experience types.",
    "jedi": "This experience is gained from following the ways of the Force.",
    "combat_meleespecialize_polearm": "This experience is gained by engaging in polearm combat.",
    "music": "This experience is gained by playing music.",
    "crafting_clothing_general": "This experience is granted by making clothes.",
    "fs_reflex": "This experience is gained through conversion of standard combat experience types.",
    "combat_general": "This experience is gained by engaging in combat.",
    "merchant": "This experience is gained from having a vendor and from having people use that vendor.  This can accrue offline.",
    "crafting_general": "General crafting experience; not one of the specialized 'elite' professions.",
    "combat": "Description of Combat experience type.",
    "imagedesigner": "This experience is gained by changing other players' appearances.",
    "combat_meleespecialize_polearmlightsaber": "This experience is gained by engaging in polearm lightsaber melee combat.",
    "combat_meleespecialize_onehandlightsaber": "This experience is gained by engaging in one handed lightsaber melee combat.",
    "fs_combat": "This experience is gained through conversion of standard combat experience types.",
    "slicing": "This experience is gained by successfully slicing weapons, armor, terminals, and by unlocking chests.",
    "bio_engineer_dna_harvesting": "This experience is earned by sampling DNA from creatures.",
    "scout": "This experience is gained from harvesting and other Scout activities.",
    "squadleader": "This experience is gained by a Squad Leader's group performing well in combat.  Only the Squad Leader gets this type of experience.",
    "apprenticeship": "This experience is gained purely from teaching other player's skills.",
    "crafting_cloth_armor": "This experience is gained from crafting armor.",
    "combat_rangedspecialize_pistol": "This experience is gained by engaging in combat with a pistol.",
    "entertainer_healing": "This experience is gained by healing Battle Fatigue and Mind Wounds through performance techniques.",
    "crafting_spice": "This experience is gained by crafting spices.",
    "combat_meleespecialize_onehand": "This experience is gained by engaging in one handed melee combat.",
    "crafting_food_general": "This experience is gained by crafting foods.",
    "medical": "This experience is gained from healing people, with commands and with medpacks and stimpacks.",
    "camp": "This experience is gained from setting up and maintaining camps in the wilderness.",
    "combat_meleespecialize_twohand": "This experience is gained by engaging in two handed melee combat.",
    "jedi_general": "This experience is gained from following the ways of the Force.",
    "crafting_clothing_armor": "This experience is gained from crafting armor."
}