{
    "crafting_droid_general": "Droid Crafting",
    "combat_rangedspecialize_heavy": "Heavy Weapons",
    "bountyhunter": "Bounty Hunter",
    "dance": "Dancing",
    "ranger": "Ranger",
    "crafting_weapons_melee": "Melee Weapon Crafting",
    "combat_rangedspecialize_carbine": "Carbine Weapons",
    "crafting_scout_camp": "Scout Camp Crafting",
    "creaturehandler": "Creature Handling",
    "crafting_structure_general": "Structure Crafting",
    "smuggler": "Smuggling",
    "combat_meleespecialize_twohand": "Twohanded Weapons",
    "industrialist": "Industralist",
    "crafting_bio_engineer_creature": "Bio-Engineer Crafting",
    "prestige_imperial": "Imperial Prestige",
    "pilot_imperial": "Imperial Piloting Experience",
    "crafting_weapons_general": "Weapon Crafting",
    "crafting_medicine_general": "Medicine Crafting",
    "prestige_pilot": "Pilot Prestige",
    "unobtainable": "Unobtainable Experience",
    "fs_senses": "Force-sensitive Senses",
    "prestige_rebel": "Rebel Prestige",
    "trapping": "Trapping",
    "combat_meleespecialize_twohandlightsaber": "Twohanded Lightsaber",
    "force_rank_xp": "Force Rank",
    "combat_rangedspecialize_rifle": "Rifle Weapons",
    "crafting_weapons_munition": "Munitions Crafting",
    "political": "Political",
    "combat_meleespecialize_unarmed": "Unarmed Combat",
    "reverse_engineering": "Reverse Engineering",
    "fs_crafting": "Force-sensitive Crafting",
    "combat_meleespecialize_polearm": "Polearm Weapons",
    "music": "Musician",
    "crafting_clothing_general": "Tailoring",
    "farmer": "Farming",
    "fs_reflex": "Force-sensitive Reflex",
    "space_combat_general": "Starship Combat",
    "combat_general": "Combat",
    "merchant": "Merchant",
    "crafting_general": "General Crafting",
    "combat_rangespecialize_bactarifle": "Bacta Rifles",
    "combat": "",
    "crafting_weapons_ranged": "Ranged Weapons Crafting",
    "combat_meleespecialize_polearmlightsaber": "Polearm Lightsaber",
    "pilot_neutral": "Neutral Piloting Experience",
    "combat_meleespecialize_onehandlightsaber": "Onehanded Lightsaber",
    "pilot_general": "Pilot General",
    "fs_combat": "Force-sensitive Combat",
    "slicing": "Slicing",
    "bio_engineer_dna_harvesting": "DNA Sampling",
    "scout": "Scouting",
    "squadleader": "Squad Leadership",
    "business_general": "Business",
    "apprenticeship": "Apprenticeship",
    "entertainer_healing": "Entertainer Healing",
    "combat_rangedspecialize_pistol": "Pistol Weapons",
    "crafting_scout": "Scout Crafting",
    "crafting_spice": "Spice Crafting",
    "combatmedic": "Combat Medic",
    "crafting_bio_engineer_tissue": "Tissue Engineering",
    "combat_meleespecialize_onehand": "Onehanded Weapons",
    "crafting_food_general": "Food Crafting",
    "medical": "Medical",
    "camp": "Wilderness Survival",
    "bio_engineer": "Bio-Engineer",
    "shipwright": "Shipwright",
    "resource_harvesting_organic": "Hunting",
    "jedi_general": "Jedi",
    "crafting_scout_trap": "Scout Trap Crafting",
    "crafting_weapons_munitions": "Munitions Crafting",
    "imagedesigner": "Image Designer",
    "resource_harvesting_inorganic": "Surveying",
    "crafting_clothing_armor": "Armor Crafting"
}