{
    "knockdown_defense": "Defense Vs. Knockdown",
    "resistcreatureattack": "Resist Creature Attacks",
    "camouflage": "Camouflage",
    "tka_armor": "Innate Teras Kasi Armor",
    "keep_creature": "Additional Pets",
    "melee_experimentation": "Melee Experimentation",
    "heavy_acid_beam_accuracy": "Heavy Acid Beam Accuracy",
    "jedi_armor": "Innate Jedi Armor",
    "twohandlightsaber_accuracy": "Two-handed Lightsaber Accuracy",
    "ridingmount": "Riding Mount",
    "structure_assembly": "Structure Assembly",
    "rescue": "Rescue",
    "private_innate_equilibrium": "Equilibrium",
    "private_innate_roar": "Wookiee Roar",
    "onehandlightsaber_accuracy": "One-handed Lightsaber Accuracy",
    "creature_management": "Creature Management",
    "systems_reverse": "Systems Reverse Engineering",
    "center_of_being_duration_polearm": "Polearm Center Of Being Duration",
    "weapon_repair": "Weapon Repair",
    "clothing_experimentation": "Clothing Experimentation",
    "cybernetic_melee_acc": "Cybernetic Melee Accuracy Mod",
    "farm_speed": "Farm Production Speed",
    "food_experimentation": "Food Experimentation",
    "language_ithorian": "Ithorian",
    "flora_harvester_efficiency": "Flora Harvester Efficiency",
    "creature_experimentation": "Creature Experimentation",
    "heavyweapon_defense": "Heavy Weapon Defense",
    "creature_training": "Creature Training",
    "language_hutt_comprehend": "Huttese (Comprehension)",
    "group_offense": "Group Offense Bonus",
    "center_of_being_duration_twohandmelee": "Two-handed melee Center of Being",
    "carbine_accuracy": "Carbine Accuracy",
    "trapping": "Trapping",
    "unarmed_toughness": "Unarmed Toughness",
    "trackcreature": "Creature Tracking",
    "polearm_speed": "Polearm Speed",
    "vendor_item_limit": "Vendor Item Limit",
    "force_shield": "Force Shield",
    "anti_blind": "Anti-Blind",
    "slope_move": "Terrain Negotiation",
    "body": "Bodyform",
    "structure_maintenance_mod": "Structure Maintenance",
    "innate_roar": "Wookiee Roar",
    "power_systems": "Power Systems",
    "melee_defense": "Melee Defense",
    "domestic_assembly": "Domestic Arts Assembly",
    "structure_complexity": "Structure Complexity",
    "camp_advanced": "Advanced Camping",
    "advanced_assembly": "Advanced Assembly",
    "posture_change_up_defense": "Defense Vs. Posture Change (Up)",
    "language_hutt_speak": "Huttese (Speech)",
    "medicine_complexity": "Crafting Medicine Complexity",
    "advertising": "Advertising",
    "factory_speed": "Factory Speed",
    "anti_intimidate": "Anti-Intimidate",
    "heavy_acid_rifle_accuracy": "Heavy Acid Rifle Accuracy",
    "medicine_assembly": "Medical Assembly",
    "survey_solid_range": "Mineral Surveying Range",
    "shields_assembly": "Shields Assembly",
    "language_basic_speak": "Basic (Speech)",
    "force_experimentation": "Force Experimentation",
    "healing_dance_wound": "Wound Healing (Dancing)",
    "language_hutt": "Huttese",
    "force_manipulation_dark": "Force Manipulation: Dark",
    "resistance_bleeding": "Bleeding Resistance",
    "armor_customization": "Armor Customization",
    "heavyweapon_accuracy": "Heavy Weapon Accuracy",
    "cybernetic_healing_mod": "Cybernetic Healing Modifier Percent",
    "resistance_states": "States Resistance",
    "force_persuade": "Persuasion",
    "onehandlightsaber_toughness": "One-handed Lightsaber Toughness",
    "power_systems_experimentation": "Power Systems Experimentation",
    "group_burst_run": "Group Burst Run Efficiency",
    "language_lekku_comprehend": "Lekku (Comprehension)",
    "forceknockdown_accuracy": "Force Knockdown Accuracy",
    "feign_death": "Feign Death",
    "language_ithorian_speak": "Ithorian (Speech)",
    "droid_assembly": "Droid Assembly",
    "healing_ability": "Medicine Use",
    "armor_repair": "Armor Repair",
    "manage_vendor": "Vendors",
    "healing_music_ability": "Music Knowledge",
    "innate_vitalize": "Vitalize",
    "language_bothan": "Bothese",
    "language_wookiee": "Shyriiwook",
    "language_zabrak": "Zabrak",
    "saber_block": "Lightsaber Block",
    "healing_dance_mind": "Dancing Mind Enhancement",
    "debuffing_efficiency": "Bio-Suppression Efficiency",
    "force_absorb": "Force Absorb",
    "combat_healing_ability": "Combat Medicine Use",
    "survey_gas_resolution": "Gas Surveying Resolution",
    "rifle_damage": "Rifle Damage",
    "carbine_counterattack": "Carbine Counterattacks",
    "pistol_counterattack": "Pistol Counter Attack",
    "carbine_standing": "Carbine Accuracy While Standing",
    "rifle_aim": "Rifle Aiming",
    "dance_heal_injury": "Healing with Dance",
    "defense_reverse": "Defense Reverse Engineering",
    "language_twilek_speak": "Ryl (Speech)",
    "resistance_poison": "Poison Resistance",
    "language_bothan_comprehend": "Bothese (Comprehension)",
    "unarmed_defense": "Unarmed Defense",
    "language_all_comprehend": "Language Comprehension",
    "anti_stun": "Anti-Stun",
    "farm_produce_flora": "Flora Production",
    "cybernetic_run_buff": "Cybernetic Speed Modifier",
    "tame_level": "Max level of pets",
    "light_lightning_cannon_accuracy": "Light Lightning Cannon Accuracy",
    "lightsaber_toughness": "Lightsaber Toughness",
    "shields_experimentation": "Shield Experimentation",
    "weapon_systems_experimentation": "Weapon Systems Experimentation",
    "tissue_assembly": "Tissue Assembly",
    "droid_customization": "Droid Customization",
    "survey_flora_structural_resolution": "Flora Surveying Resolution",
    "creature_empathy": "Creature Empathy",
    "bounty_mission_level": "Bounty Mission Difficulty",
    "instrument_assembly": "Instrument Assembly",
    "rifle_standing": "Rifle Accuracy While Standing",
    "heavy_rifle_acid_speed": "Heavy Acid Rifle Speed",
    "bio_engineer_experimentation": "Bio-Engineer Experimentation",
    "hiring": "Hiring",
    "combat_medic_effectiveness": "Combat Medic Effectiveness",
    "private_innage_regeneration": "Regeneration",
    "music_heal_injury": "Healing with Music",
    "harvester_efficiency": "Harvester Efficiency",
    "language_zabrak_speak": "Zabrak (Speech)",
    "group_slope_move": "Group Terrain Negotiation",
    "force_ranged_defense": "Force Ranged Defense",
    "combat_medicine_assembly": "Combat Medicine Assembly",
    "twohandedmelee_counter_attack": "Two-handed Weapon Counter Attack",
    "force_armor": "Force Armor",
    "missile_launching": "Missile Launching Skill",
    "pistol_accuracy": "Pistol Accuracy",
    "markings": "Marking Design",
    "resist_creature_attack": "Resist Creature Attacks",
    "creatureknowledge": "Creature Knowledge",
    "cybernetic_melee_def": "Cybernetic Melee Defense Mod",
    "pistol_accuracy_while_standing": "Pistol Accuracy While Standing",
    "survey_solid_resolution": "Mineral Surveying Resolution",
    "polearmlightsaber_toughness": "Double-Bladed Lightsaber Toughness",
    "mental": "Force Psyche",
    "language_trandoshan": "Dosh",
    "unarmed_speed": "Unarmed Speed",
    "healing_efficiency": "Healing Efficiency",
    "engine_experimentation": "Engine Experimentation",
    "farm_produce_livestock": "Livestock Production",
    "anti_shock": "Anti-Shock",
    "creature_harvesting": "Creature Harvesting",
    "onehandmeleeaccuracy": "One-handed Weapon Accuracy",
    "onehandtechnique": "One Handed Technique",
    "tissue_experimentation": "Tissue Experimentation",
    "blind_defense": "Defense Vs. Blind",
    "jedi_saber_experimentation": "Lightsaber Experimentation",
    "combat_equillibrium": "Combat Equilibrium",
    "resistance_fire": "Fire Resistance",
    "tame_non_aggro": "Taming Wild Creatures",
    "stun_defense": "Defense Vs. Stun",
    "take_cover": "Cover",
    "heavy_acid_beam_speed": "Heavy Acid Beam Speed",
    "melee_speed": "General Melee Speed",
    "twohandedmelee_speed": "Two-handed Weapon Speed",
    "group_ranged_defense": "Group Ranged Defense",
    "absorption_poison": "Poison Absorption",
    "persuade_bribe": "Bribery",
    "firearm_complexity": "Firearm Complexity",
    "carbine_speed": "Carbine Speed",
    "onehandmelee_accuracy": "One-handed Weapon Accuracy",
    "language_trandoshan_comprehend": "Dosh (Comprehension)",
    "force_melee_defense": "Force Melee Defense",
    "heavy_lightning_beam_speed": "Heavy Lightning Beam Speed",
    "spice_assembly": "Spice Assembly",
    "carbine_hit_while_moving": "Carbine Accuracy While Moving",
    "flora_harvester_speed": "Flora Harvester Speed",
    "force_vehicle_control": "Force Vehicular Control",
    "innate_regeneration": "Regeneration",
    "droid_track_speed": "Droid Tracking Speed",
    "jedi_toughness": "Jedi Toughness",
    "bio_engineer_assembly": "Bio-Engineer Assembly",
    "healing_range": "Healing Range",
    "combat_haste": "Combat Haste",
    "polearm_center_of_being_efficacy": "Polearm Center Of Being Efficacy",
    "combat_bleeding_defense": "Combat Bleeding Defense",
    "heavy_rocket_launcher_accuracy": "Heavy Rocket Launcher Accuracy",
    "basic_medic_experimentation": "Medic Experimentation",
    "force_manipulation_light": "Force Manipulation: Light",
    "heavy_lightning_rifle_accuracy": "Light Lightning Cannon Accuracy",
    "rifle_kneeling": "Rifle Accuracy While Kneeling",
    "pilot_special_tactics": "Pilot Special Tactics",
    "healing_dance_ability": "Dance Knowledge",
    "onehandmelee_counter_attack": "One-handed Weapon Counter Attack",
    "language_sullustan_speak": "Sullustan (Speech)",
    "healing_music_mind": "Musical Mind Enhancement",
    "food_complexity": "Food Complexity",
    "unarmed_passive_defense": "Defensive Acuity",
    "steadyaim": "Steady Aim Bonus",
    "absorption_fire": "Fire Absorption",
    "heavyweapon_speed": "Heavy Weapon Speed",
    "onehandmelee_evasion": "One-handed Weapon Evasion",
    "ranged_defense": "Ranged Defense",
    "grenade_experimentation": "Grenade Experimentation",
    "polearm_toughness": "Polearm Toughness",
    "pistol_damage": "Pistol Damage",
    "flora_harvester_maintenance": "Flora Harvester Maintenance",
    "droid_tracks": "Tracking Droids",
    "carbine_acccuracy": "Carbine Accuracy",
    "cybernetic_ranged_acc": "Cybernetic Ranged Accuracy Mod",
    "survey_gas": "Gas Surveying",
    "onehandmelee_damage": "One-handed Melee Damage",
    "pistol_kneeling": "Pistol Accuracy While Kneeling",
    "heavy_lightning_beam_accuracy": "Heavy Lightning Beam Accuracy",
    "armor_experimentation": "Armor Experimentation",
    "force_failure_reduction": "Crafting Technique",
    "forceintimidate_accuracy": "Force Intimidate Accuracy",
    "camp": "Camping",
    "cover": "Taking Cover",
    "face": "Face-form",
    "droid_complexity": "Droid Complexity",
    "propulsion_reverse": "Propulsion Reverse Engineering",
    "artisan_clothing_customization": "Artisan Clothing Customization",
    "twohandmelee_damage": "Two-handed Melee Damage",
    "thrown_accuracy": "Thrown Weapon Accuracy",
    "carbine_prone": "Carbine Accuracy While Prone",
    "language_twilek": "Ryl",
    "creature_assembly": "Creature Assembly",
    "jedi_force_power_regen": "Force Power Regeneration",
    "twohandedmelee_accuracy": "Two-handed Weapon Accuracy",
    "munition_experimentation": "Munition Experimentation",
    "language_trandoshan_speak": "Dosh (Speech)",
    "harvester_speed": "Harvester Speed",
    "foraging": "Foraging",
    "posture_change_down_defense": "Defense Vs. Posture Change (Down)",
    "resistance_disease": "Disease Resistance",
    "private_innate_vitalize": "Vitalize",
    "farm_maintenance": "Farm Maintenance",
    "burst_run": "Burst Run Efficiency",
    "dodge": "Dodge",
    "center_of_being_duration_onehandmelee": "One-handed Center Of Being Duration",
    "shop_sign": "Shop Sign Options",
    "dizzy_defense": "Defense Vs. Dizzy",
    "melee_accuracy": "General Melee Accuracy",
    "forcethrow_accuracy": "Force Throw Accuracy",
    "meditate": "Meditate",
    "language_moncalamari_speak": "Mon Calamarian (Speech)",
    "healing_injury_speed": "Injury Treatment Speed",
    "chassis_experimentation": "Chassis Experimentation",
    "clothing_repair": "Clothing Repair",
    "force_control_light": "Force Control: Light",
    "jedi_state_defense": "Jedi State Defense",
    "cybernetic_ranged_range": "Cybernetic Ranged Mod",
    "language_sullustan_comprehend": "Sullustan (Comprehension)",
    "onehandmelee_center_of_being_efficacy": "One-handed Melee Center Of Being Efficacy",
    "force_control_dark": "Force Control: Dark",
    "warcry": "Warcry",
    "melee_complexity": "Melee Weapon Complexity",
    "rifle_hit_while_moving": "Rifle Accuracy While Moving",
    "polearmlightsaber_speed": "Double-Bladed Lightsaber Speed",
    "pistol_defense": "Pistol Defense",
    "harvester_maintenance": "Harvester Maintenance",
    "unarmed_center_of_being_efficacy": "Unarmed Center Of Being Efficacy",
    "berserk": "Berserk",
    "private_innate_regeneration": "Regeneration",
    "grenade_assembly": "Grenade Assembly",
    "rifle_defense": "Rifle Defense",
    "frs_light_vigilance": "Light Force: Vigilance",
    "medical_foraging": "Medical Foraging",
    "survey_flora_structural": "Flora Surveying",
    "heavy_flame_thrower_accuracy": "Flamethrower Accuracy",
    "language_sullustan": "Sullustan",
    "heavy_flame_thrower_speed": "Flamethrower Speed",
    "force_choke": "Force Choke",
    "firearm_experimentation": "Firearm Experimentation",
    "volley": "Volley Fire Bonus",
    "force_assembly": "Force Assembly",
    "onehandpolearm": "One Handed Pole Arm",
    "carbine_damage": "Carbine Damage",
    "frs_light_serenity": "Light Force: Serenity",
    "combat_equilibrium": "Combat Equilibrium",
    "pistol_hit_while_moving": "Pistol Accuracy While Moving",
    "survey_liquid": "Liquid Surveying",
    "healing_injury_treatment": "Injury Treatment",
    "dissipation_fire": "Fire Dissipation",
    "survey_gas_range": "Gas Surveying Range",
    "armor_complexity": "Armor Complexity",
    "track_creature": "Creature Tracking",
    "language_moncalamari": "Mon Calamarian",
    "weapon_systems": "Weapon Systems",
    "survey_flora_structural_range": "Flora Surveying Range",
    "carbine_defense": "Carbine Defense",
    "language_wookiee_comprehend": "Shyriiwook (Comprehension)",
    "language_lekku": "Lekku",
    "counterattack": "Counterattack",
    "cure_efficiency": "Cure Efficiency",
    "heal_creature_wound": "Creature Wound Healing",
    "food_assembly": "Food Assembly",
    "weapon_experimentation": "Weapon Experimentation",
    "ranged_accuracy": "General Ranged Accuracy",
    "force_feedback": "Force Feedback",
    "cybernetic_heavy_weapon_legs": "Cybernetic Platform",
    "intimidate": "Intimidation",
    "unarmed_damage": "Unarmed Damage",
    "aim": "General Ranged Aiming",
    "polearm_accuracy": "Polearm Accuracy",
    "heavy_lighting_rifle_accuracy": "Light Lightning Cannon Accuracy",
    "melee_damage_mod": "Melee Damage Modifier",
    "unarmed_accuracy": "Unarmed Accuracy",
    "heavy_acid_rifle_speed": "Heavy Acid Rifle Speed",
    "force_power_light": "Force Power: Light",
    "healing_range_speed": "Ranged Injury Treatment Speed",
    "language_lekku_speak": "Lekku (Silent Speech)",
    "healing_music_shock": "Battle Fatigue Healing (Music)",
    "clothing_complexity": "Clothing Complexity",
    "farm_efficiency": "Farm Efficiency",
    "offensive_strategy": "Offensive Strategy",
    "healer_accuracy": "Ranged Healing Accuracy",
    "anti_dizzy": "Anti-Dizzy",
    "dot_efficiency": "Medical Warfare Efficiency",
    "force_run": "Force Run",
    "camp_repel_creature": "Repel Creatures",
    "dna_harvesting": "DNA Harvesting",
    "rifle_counterattack": "Rifle Counterattacks",
    "heavy_rifle_acid_accuracy": "Heavy Acid Rifle Accuracy",
    "language_basic_comprehend": "Basic (Comprehension)",
    "general_assembly": "Artisan Assembly",
    "twohandmelee_speed": "Two-handed Melee Speed",
    "alert": "Alertness",
    "thrown_speed": "Thrown Weapon Speed",
    "healing_wound_speed": "Wound Treatment Speed",
    "heavy_rifle_lightning_speed": "Light Lightning Cannon Speed",
    "twohandtechnique": "Two Handed Technique",
    "jedi_saber_assembly": "Lightsaber Assembly",
    "advanced_ship_experimentation": "Advanced Component Experimentation",
    "carbine_aim": "Carbine Aiming",
    "language_rodian_comprehend": "Rodese (Comprehension)",
    "general_wound": "Wound Healing",
    "heavy_rifle_lightning_accuracy": "Light Lightning Cannon Accuracy",
    "munition_complexity": "Munition Complexity",
    "polearm_defense": "Polearm Defense",
    "onehandmelee_defense": "One-handed Melee Defense",
    "force_accuracy": "Force Accuracy",
    "crafting_repair": "Repair",
    "rifle_concealment_chance": "Rifle Concealment Chance",
    "dissipation_poison": "Poison Dissipation",
    "forceweaken_accuracy": "Force Weaken Accuracy",
    "booster_experimentation": "Booster Experimentation",
    "jedi_force_power_max": "Force Power Max",
    "rifle_crawl": "Rifle Crawl Speed",
    "rifle_prone": "Rifle Accuracy While Prone",
    "droid_track_chance": "Tracking Droid Effectiveness",
    "melee_assembly": "Melee Weapon Assembly",
    "rifle_speed": "Rifle Speed",
    "spice_experimentation": "Spice Experimentation",
    "twohandmelee_defense": "Two-handed Melee Defense",
    "rifle_accuracy": "Rifle Accuracy",
    "pistol_aim": "Pistol Aiming",
    "survey_liquid_resolution": "Liquid Surveying Resolution",
    "taunt": "Taunt",
    "takecover": "Cover",
    "force_defense": "Force Defense",
    "persuade_lie": "Pursuasion",
    "absorption_bleeding": "Bleeding Absorption",
    "force_power_dark": "Force Power: Dark",
    "combat_medicine_experimentation": "Combat Medicine Experimentation",
    "structure_experimentation": "Structure Experimentation",
    "lightning": "Force Lightning",
    "buffing_efficiency": "Augmentation Efficiency",
    "frs_light_wisdom": "Light Force: Wisdom",
    "business_acumen": "Business Acumen",
    "general_damage": "Damage Healing",
    "hair": "Hair Styling",
    "frs_dark_vengeance": "Dark Force: Vengeance",
    "language_rodian_speak": "Rodese (Speech)",
    "factory_efficiency": "Factory Efficiency",
    "firearm_assembly": "Firearm Assembly",
    "dissipation_disease": "Disease Dissipation",
    "mountedcreature": "Mounted Creature",
    "language_wookiee_speak": "Shyriiwook (Speech)",
    "creature_hit_bonus": "Creature To-Hit Bonus",
    "tame_aggro": "Taming Vicious Creatures",
    "language_bothan_speak": "Bothese (Speech)",
    "absorption_disease": "Disease Absorption",
    "language_ithorian_comprehend": "Ithorian (Comprehension)",
    "healing_wound_treatment": "Wound Treatment ",
    "twohandmelee_accuracy": "Two-handed Melee Accuracy",
    "heavy_rocket_launcher_speed": "Heavy Rocket Launcher Speed",
    "force_repair_bonus": "Force Repair Bonus",
    "survey_liquid_range": "Liquid Surveying Range",
    "leadership": "Leadership",
    "droid_experimentation": "Droid Experimentation",
    "stored_pets": "Stored Pets",
    "onehandlightsaber_speed": "One-handed Lightsaber Speed",
    "reverse_engineering": "Reverse Engineering",
    "survey_solid": "Mineral Surveying",
    "tame_bonus": "Creature Taming Bonus",
    "engineering_assembly": "Engineering Assembly",
    "dissipation_bleeding": "Bleeding Dissipation",
    "medicine_experimentation": "Medical Experimentation",
    "center_of_being_duration_unarmed": "Unarmed Center Of Being Duration",
    "general_experimentation": "Artisan Experimentation",
    "ranged_speed": "General Ranged Speed",
    "force_luck": "Luck",
    "block": "Block",
    "onehandmelee_speed": "One-handed Weapon Speed",
    "language_rodian": "Rodese",
    "engine_assembly": "Engine Assembly",
    "twohandmelee_center_of_being_efficacy": "Two-handed Melee Center Of Being Efficacy",
    "intimidate_defense": "Defense Vs. Intimidate",
    "group_melee_defense": "Group Melee Defense",
    "healing_music_wound": "Wound Healing (Music)",
    "cybernetic_throw_range": "Cybernetic Throw Range Mod",
    "farm_management": "Farm Management",
    "pistol_standing": "Pistol Accuracy While Standing",
    "twohandmelee_toughness": "Two-handed Melee Toughness",
    "twohandpolearm": "Two Handed Pole Arm",
    "carbine_kneeling": "Carbine Accuracy While Kneeling",
    "polearm_counter_attack": "Polearm Counter Attack",
    "clothing_assembly": "Clothing Assembly",
    "munition_assembly": "Munition Assembly",
    "weapon_assembly": "Weapon Assembly",
    "heavy_rifle_lighting_accuracy": "Light Lightning Cannon Accuracy",
    "creature_knowledge": "Creature Knowledge",
    "twohandlightsaber_speed": "Two-handed Lightsaber Speed",
    "group_defense": "Group Defense Bonus",
    "twohandmelee_evasion": "Two-handed Melee Evasion",
    "mindblast_accuracy": "Mind Blast Accuracy",
    "camprepelcreature": "Camping - Repel Creatures",
    "morale_management": "Morale Management",
    "avoid_incap": "Avoid Incapacitation",
    "clothing_customization": "Clothing Customization",
    "armor_assembly": "Armor Assembly",
    "droid_find_speed": "Droid Speed",
    "pistol_speed": "Pistol Speed",
    "conceal_contraband": "Contraband Concealment",
    "chassis_assembly": "Chassis Assembly",
    "slice_market": "Slicing",
    "twohandmelee_counter_attack": "Two-handed Melee Counter Attacks",
    "forcelightning_accuracy": "Force Lightning Accuracy",
    "twohandlightsaber_toughness": "Two-handed Lightsaber Toughness",
    "sales": "Sales",
    "healing_dance_shock": "Battle Fatigue Healing (Dancing)",
    "surveying": "Surveying",
    "rally": "Rally Shot Bonus",
    "innate_equilibrium": "Equilibrium",
    "engineering_reverse": "Chassis/Armor Reverse Engineering",
    "twohandedmelee_evasion": "Two-handed Weapon Evasion",
    "polearm_evasion": "Polearm Evasion",
    "polearmlightsaber_accuracy": "Double-Bladed Lightsaber Accuracy",
    "disguise_effectiveness": "Disguising",
    "onehandmelee_toughness": "One-handed Melee Toughness",
    "heavy_particle_beam_accuracy": "Heavy Particle Beam Accuracy",
    "language_zabrak_comprehend": "Zabrak (Comprehension)",
    "heavy_particle_beam_speed": "Heavy Particle Beam Speed",
    "pistol_prone": "Pistol Accuracy While Prone",
    "twohandedmeleedamage": "Two-handed Melee Damage",
    "frs_dark_envy": "Dark Force: Envy",
    "language_moncalamari_comprehend": "Mon Calamarian (Comprehension)",
    "booster_assembly": "Booster Assembly",
    "mask_scent": "Mask Scent",
    "frs_dark_suffering": "Dark Force: Suffering",
    "language_twilek_comprehend": "Ryl (Comprehension)",
    "droid_find_chance": "Droid Precision",
    "force_vehicle_speed": "Force Vehicular Acceleration",
    "healer_speed": "Ranged Healing Speed"
}